Name,Player_ID,FG%_RT,FT%_RT,FG3M_RT,PTS_RT,REB_RT,AST_RT,TOV_RT,Total_Rating
Nikola Jokić,203999,0.8666246304131205,0.5798989331836047,0.4364975450081833,0.9068908220115337,0.9131231991617917,0.8803945745992602,-0.6867802855826808,100.0
Shai Gilgeous-Alexander,1628983,0.6215580094853824,1.0,0.47473404255319146,1.0,0.35754824063564133,0.5514454034799288,-0.5152195608782435,89.565823356912
Giannis Antetokounmpo,203507,1.0,0.36355074170002355,0.03963623884694578,0.9256875845390827,0.8431218190472703,0.5192713098126567,-0.6693065481939346,77.5528106576932
Karl-Anthony Towns,1626157,0.5897706202476678,0.538838653448088,0.46014607812003816,0.7400861006277382,0.9168177274806445,0.27053389035095793,-0.5442845651979623,76.26830606681439
Damian Lillard,203081,0.28103191980140746,0.808205386357916,0.7588041085840058,0.760811462121544,0.33535559121687736,0.6101449891577023,-0.585380962213504,76.19295902540333
Jayson Tatum,1628369,0.2718061784068055,0.5665521683125805,0.7884856070087609,0.8274160998579865,0.6278126460572878,0.5115326031769059,-0.6256604438182459,76.16658672670714
Luka Dončić,1629029,0.19635707253035772,0.6347047113470471,0.7768375241779496,0.8434792653344115,0.5997059127025075,0.6787355677614617,-0.7811649428415895,75.67155250841449
Domantas Sabonis,1627734,0.7760162067233634,0.3274244004171012,0.20567375886524822,0.5794155019059721,1.0,0.5192492122208522,-0.6087824351297405,71.83085631215171
Stephen Curry,201939,0.2632837491193829,0.5380604796663192,1.0,0.7439946753796818,0.31555051078320095,0.523359364296479,-0.5988023952095809,71.48311497052737
Anthony Davis,203076,0.5793162030155025,0.5867370709737538,0.14735174287007693,0.7552515612749737,0.8246431762745429,0.2993415011674581,-0.4325391769652185,70.83270220046525
Jalen Brunson,1628973,0.4583159558431884,0.6528658609548882,0.5127310777816533,0.8028829129085342,0.21218436575426583,0.6395666147844192,-0.5256699715323452,70.64727976852575
Kevin Durant,201142,0.6227224463792739,0.5775841770661644,0.5765271105010294,0.8100996024101325,0.4313646516055802,0.36613499860785176,-0.6422638593780181,70.37248755214253
Devin Booker,1626164,0.29962685435184905,0.7397288842544317,0.5680851063829787,0.7785078961699039,0.2901248581157775,0.6128236744759556,-0.6047904191616766,68.88243118929036
Anthony Edwards,1630162,0.20795503800649873,0.6163383661633838,0.8936170212765957,0.8317348697150616,0.412404957007137,0.3984595375234363,-0.6775490115659093,68.85301934491225
Tyrese Haliburton,1630169,0.4028493622974779,0.34242164018892224,0.6702127659574468,0.5677554376261306,0.2513353809174067,0.7895118589976065,-0.35135611130679817,68.59047472391899
LeBron James,2544,0.5493629220641325,0.3889142335766424,0.47822473404255317,0.7442820838627701,0.5810158910329172,0.7242216399506782,-0.7990269461077845,68.44327707691956
Victor Wembanyama,1641705,0.3926412881900524,0.42113614725483983,0.6896392229417206,0.7398486271476714,0.7866061293984109,0.31523079397415965,-0.6788596719604271,68.42397789460529
Tyler Herro,1629639,0.3671562728581204,0.46532846715328474,0.7415780141843972,0.723422278695468,0.3684733257661748,0.480716536511851,-0.5355954757152361,67.0083227621138
Kyrie Irving,202681,0.3767135272881716,0.5261313868613139,0.6434042553191489,0.7526302414231258,0.34324631101021563,0.39876695437731197,-0.46526946107784434,66.09840759033571
Tyrese Maxey,1630178,0.17688387212702364,0.6117349803481192,0.6916939443535188,0.8028540709608054,0.23928228411769842,0.5261785070662999,-0.4997696913864579,65.4115290765711
Donovan Mitchell,1628378,0.2335852497720256,0.49699441820523843,0.7326345431789737,0.7305478735331491,0.32284502904453494,0.4264887212591572,-0.4314899612539626,64.45552585831356
Joel Embiid,203954,0.27496730784276474,0.9504417979254706,0.27043673012318026,0.7254731492008294,0.5833681820897305,0.386137971315465,-0.683895367160416,64.33552269920109
Nikola Vučević,202696,0.6121544476784131,0.22455989695148137,0.40081351689612016,0.5646161895507886,0.7161480937437404,0.29701893087691306,-0.3359457555477281,63.628134165494586
Trae Young,1629027,0.09276582835300189,0.7922836287799792,0.6287234042553191,0.7358141223452533,0.22576617480136207,1.0,-1.0,63.52516976753101
James Harden,201935,0.09728416035487614,0.7810218978102191,0.6733156028368794,0.686573485811097,0.41217366628830876,0.7384573229209481,-0.919827012641384,63.36210569706772
Kristaps Porziņģis,204001,0.45852404833080146,0.44581695676586197,0.5212765957446809,0.5927084351480794,0.496900375447481,0.1792658636061842,-0.2740672501151543,62.115545043735096
Austin Reaves,1630559,0.3440918152917722,0.5643316265388386,0.5768497935852652,0.608090424624021,0.32232707066257815,0.5062848519425069,-0.5067476986325855,61.982170435014325
Cade Cunningham,1630595,0.3060561014691404,0.5481088254810883,0.47727272727272724,0.784567402102345,0.4388092044164689,0.7964353771998655,-0.9367628379604428,61.96315194113523
Trey Murphy III,1630530,0.3231451616134499,0.4996556948078777,0.6659975913287836,0.6467358730310949,0.36159595656736554,0.3061675546146151,-0.40729861032651676,61.48870386132207
Jamal Murray,1627750,0.4020373425682407,0.4303200449185851,0.5292962356792144,0.6591731013586161,0.2739369597485375,0.5218628473868918,-0.4288346384154767,61.27807859048106
Zach LaVine,203897,0.5435903937521986,0.38980281076369977,0.6868847253096221,0.6973012953023954,0.3137886052145628,0.36328836704271494,-0.6099740816873715,61.19827214107897
Jimmy Butler III,202710,0.49263821051886447,0.666058394160584,0.12101063829787233,0.5266836086404066,0.4052213393870602,0.4711261816687217,-0.30127245508982037,61.11573461284715
Pascal Siakam,1627783,0.5765406094138309,0.3140658907082265,0.3652961472110408,0.6210378103643669,0.49380311071571004,0.29393141600293266,-0.30021039003074934,60.67942840792332
LaMelo Ball,1630163,0.0,0.49728218667494967,0.8508374830239928,0.7682283922247155,0.3529837950105055,0.6354120208830706,-0.7446808510638299,60.566470654764295
Evan Mobley,1630596,0.7017226844791085,0.3132050431320505,0.2572533849129594,0.5660159408571099,0.663089464451553,0.26678623472704854,-0.42551261114135364,60.117292823920565
Paolo Banchero,1631094,0.27269503721226546,0.5625530470208793,0.4156358238495794,0.7872107798232914,0.5205237177625848,0.4034639979353655,-0.6238685419857959,60.00575392644255
Cameron Johnson,1629661,0.42261440392231386,0.4663849404533231,0.6231802911534154,0.5724603758443122,0.30987514188422244,0.29376771151058906,-0.36400882445635047,59.64801526924883
Norman Powell,1626181,0.46398936630408255,0.43552311435523117,0.6991725768321513,0.6889735987575886,0.23571698827090426,0.18861031191487418,-0.3881126635617654,59.637730858318086
Franz Wagner,1630532,0.3183929243367497,0.5655013446023819,0.3801791713325868,0.7367083528388952,0.4052213393870602,0.4103662361823177,-0.4926988129005148,59.63252800140692
DeMar DeRozan,201942,0.4304620331887268,0.5952033368091763,0.24893617021276596,0.674387366128154,0.2778660612939841,0.376078914919852,-0.2904191616766467,59.34623499158016
Darius Garland,1629636,0.38979704517185937,0.40750782064650676,0.6351063829787235,0.6295153385369395,0.20533484676503974,0.5770653514180025,-0.5329341317365269,59.31743930136343
Ivica Zubac,1627826,0.8538962115680553,0.1735826417358264,0.0,0.5017145045342989,0.8992583148041609,0.2199212877725791,-0.3416454761709458,59.197716713181194
Zion Williamson,1629627,0.7834812769873292,0.38686131386861317,0.022340425531914895,0.7491740787801779,0.5148694665153235,0.45745992601726265,-0.6287425149700598,58.65151639526817
Michael Porter Jr.,1629008,0.5149843090063945,0.23357664233576644,0.5647163120567376,0.5561202880135536,0.49758796821793416,0.18821071379641047,-0.2765302727877578,58.47757177354187
De'Aaron Fox,1628368,0.3332767041834784,0.49917588886272674,0.4251887439945093,0.7176292167069722,0.3437076635787778,0.5457221272025774,-0.5881784817461851,58.42254763290862
Cam Thomas,1630560,0.22572265873858569,0.6627737226277374,0.6076595744680852,0.7306734434561627,0.23741203178206582,0.324537607891492,-0.5197604790419161,58.22998982094706
Josh Hart,1628404,0.5803036738160968,0.2572992700729927,0.23891843971631205,0.419737399407031,0.686293984108967,0.5046924236196739,-0.4191616766467066,58.20599367124636
Mark Williams,1631109,0.7845126353790615,0.35401459854014605,0.0,0.468869123252859,0.7276106696935302,0.22009864364981505,-0.2986526946107785,57.90751831614676
Desmond Bane,1630217,0.44107029093225736,0.34785583941605847,0.5131316489361702,0.5722681067344346,0.43017522701475597,0.46797934648582,-0.5239520958083832,57.70414841185679
Miles Bridges,1628970,0.2203595951015787,0.4437956204379563,0.5026595744680851,0.6292249047013977,0.554199772985244,0.34093711467324295,-0.4471057884231537,57.58975347180234
Jarrett Allen,1628386,0.9105446308487294,0.2633576642335767,0.0,0.42083862770012714,0.7141430192962542,0.1657213316892725,-0.2431137724550898,57.26693016183745
Jalen Williams,1631114,0.42173232108727965,0.3786496350364964,0.40492021276595747,0.6475540025412961,0.3843643586833144,0.45179562268803947,-0.4682821856287425,56.99085877375356
Coby White,1629632,0.30923578346736597,0.4754046334496985,0.6702127659574468,0.6209601679465223,0.2570201845728668,0.3827802498257653,-0.4950967629957476,56.98529129958778
Derrick White,1628401,0.3094631496774232,0.25454919296802714,0.7771950854060533,0.5016733181810047,0.3182682930728526,0.39874264080165334,-0.3424137640212533,56.90729849573176
Jaren Jackson Jr.,1628991,0.4742531261445088,0.45826721675658527,0.43709528214616095,0.6832771670073476,0.4093668262350096,0.17637913472363698,-0.4313112904625531,56.6468066617447
Immanuel Quickley,1630193,0.24744107029093218,0.44831645867671305,0.5837336993822924,0.533180309054392,0.24682362418073303,0.5067419752595362,-0.37859764342283175,56.14155286513759
Jalen Johnson,1630552,0.502951794436186,0.28467153284671537,0.2730496453900709,0.576027107157984,0.7131101021566402,0.43396355665159614,-0.617099135063207,55.60352935846387
Bam Adebayo,1628389,0.45209028470692947,0.34816518348165193,0.2019819294666278,0.539311761327044,0.6925660441901327,0.37126496968059053,-0.447871380526618,55.36830647170845
Lauri Markkanen,1628374,0.2185602038649396,0.4469638142568722,0.6559529198732458,0.578766660358485,0.42297196126258846,0.12855156491854028,-0.2943050070072621,55.367108652917686
John Collins,1628381,0.5926799745168825,0.43284671532846725,0.3295212765957447,0.5778907242693774,0.5845913734392736,0.17262638717632553,-0.5396706586826348,55.18807471544503
Julius Randle,203944,0.44205253701962127,0.47966631908237756,0.3333333333333333,0.5765111635505537,0.5028376844494892,0.40553500479517746,-0.5921490352628077,55.11881558059256
Ja Morant,1629630,0.3038547831626763,0.6153602031101237,0.3593894542090657,0.6921164576542733,0.29847505305236144,0.6398434568165978,-0.788206196303046,54.427098354616675
Alperen Sengun,1630578,0.4909192798659777,0.343065693430657,0.06515957446808511,0.5811096992799663,0.7458853575482406,0.4207768187422935,-0.5385063206919495,54.10828319513992
Jaylen Brown,1627759,0.3288445133912343,0.41024372139057286,0.4127298954201226,0.6833071307044559,0.42057369322226285,0.39938138728082095,-0.5470415101999392,54.098755229089136
Kawhi Leonard,202695,0.45504353365895084,0.3126913115140099,0.44680851063829785,0.6256506947575522,0.41752407454871665,0.2617238773318484,-0.4191616766467066,53.89964813545534
Payton Pritchard,1630202,0.4097056932658826,0.15558444155584442,0.7283590789857185,0.4281909801395973,0.2713448291947196,0.28849889363714676,-0.20096792715937986,53.39756714020913
Jordan Poole,1629673,0.2306731790188999,0.46872543514879295,0.7836333878887071,0.6258625745283942,0.21782938967955992,0.3890733187897183,-0.6480884385076002,53.0637638729632
Christian Braun,1631128,0.6919412510833194,0.2892089169461433,0.24453709028177112,0.46320271987362205,0.36914439979139185,0.21461658946245876,-0.21524518530506553,52.79935557482028
De'Andre Hunter,1629631,0.41484931487127064,0.44587405666213037,0.5414713306887847,0.5184243964421855,0.28240250870543876,0.12142364521724593,-0.26996853750126865,52.72418671221422
CJ McCollum,203468,0.25542578042047137,0.23435870698644423,0.6821808510638298,0.6442185514612453,0.2707150964812713,0.3498766954377312,-0.3967065868263473,52.35444290124553
RJ Barrett,1629628,0.38818973339253665,0.25666887856668874,0.42243713733075433,0.6548226868430173,0.4602620988546074,0.48021522250868737,-0.6249319542732716,52.292715721221974
Deni Avdija,1630166,0.43399811910323693,0.42627737226277373,0.3861702127659575,0.5036122708295517,0.5066969353007945,0.33292231812577067,-0.562874251497006,52.01399353801618
Onyeka Okongwu,1630168,0.6594755974167116,0.2477458136539287,0.13141426783479349,0.3977875775469019,0.6225545836949989,0.19547399724378037,-0.23115533638605146,51.92400659002176
OG Anunoby,1628384,0.4114747892564655,0.319263725801333,0.5050878815911193,0.5414065521241921,0.3420026649558308,0.182633713969156,-0.28551592467239434,51.74582535704062
Josh Giddey,1630581,0.40135529614615384,0.27802592875040866,0.3334391870435059,0.4351305733088054,0.5560675623019974,0.6080571249792959,-0.597461792832246,51.701183842220445
Aaron Gordon,203932,0.5729047983971488,0.3297365915582355,0.3448196114708603,0.43489309982873875,0.3528845679316982,0.27019782340642257,-0.2915907315803176,51.68147155603352
Anfernee Simons,1629014,0.20768862057458318,0.351199165797706,0.6861702127659575,0.5872572154656017,0.19307604994324631,0.4155363748458693,-0.4281437125748503,51.65422162717025
Jalen Green,1630224,0.17237428887572495,0.40414905877833274,0.6525755879059351,0.654851869190129,0.33872991218113385,0.29755337789603475,-0.5239520958083832,51.230731443023515
Jalen Duren,1631105,0.8398622024020197,0.20072992700729936,0.0,0.35789919525624736,0.7319807037457434,0.22177695574736267,-0.36094477711244183,51.10298600232087
Rudy Gobert,203497,0.7636041879830371,0.22959522229595225,0.0,0.3460783181240615,0.7606026209885461,0.1530097522699249,-0.273090183269824,50.80775059830829
Jakob Poeltl,1627751,0.8300397415283804,0.17570385818561002,0.003989361702127659,0.4432746414957343,0.684449489216799,0.2404438964241677,-0.4004491017964072,50.7474928901357
Brandon Miller,1641706,0.06748936237150245,0.33576642335766427,0.8605200945626477,0.6415360722857547,0.3469542186908816,0.31328492487555376,-0.5899312486138834,50.700477133022574
Scottie Barnes,1630567,0.26759919094583434,0.3922460212995095,0.26002790373212414,0.5844147728456268,0.5498036880593961,0.5051444280487558,-0.6012565033866692,50.24777163941418
Walker Kessler,1631117,0.8004172674199835,0.07913945447560508,0.023516237402015677,0.3370561091419782,0.8719158850588447,0.14536958920111623,-0.31620968589137516,49.81728270049399
Brandon Ingram,1627742,0.3448101743705904,0.343065693430657,0.5336879432624113,0.6776789495976282,0.39727582292849034,0.44595150020550767,-0.8033932135728543,49.76267202457653
Myles Turner,1626167,0.44669588215988715,0.2913072329130724,0.4840425531914893,0.4708328520272612,0.47023011041172225,0.1360086686843777,-0.3651787334422065,49.630807344832874
Andrew Wiggins,203952,0.3279765086664567,0.36647369745784036,0.4891782831988261,0.5541778030933707,0.31809464166894985,0.2232237765211106,-0.34689242205244686,49.587019022915435
Malik Beasley,1627736,0.29998046294330016,0.1407299270072993,0.8697872340425532,0.49809402795425667,0.1935527809307605,0.15076037813399096,-0.22634730538922157,49.44138665209457
Isaiah Hartenstein,1628392,0.6617420675783426,0.16251205068172425,0.0,0.34523267243652755,0.7758122202471462,0.33385291859572386,-0.3638007004858208,49.1537991540958
Bradley Beal,203078,0.5184221703121682,0.2773722627737226,0.42819148936170215,0.5285895806861499,0.24432463110102157,0.31288532675709,-0.40169660678642716,48.96742429539829
Santi Aldama,1630583,0.46169745876690016,0.135036496350365,0.41329787234042553,0.39085133418043205,0.4683881952326901,0.24886970817920265,-0.22355289421157684,48.62095526736948
Malik Monk,1628370,0.28991711024233324,0.32116788321167894,0.4907568887338682,0.538421480200804,0.2743156993729182,0.4980695761152999,-0.5256699715323452,48.42567199510028
Mikal Bridges,1628969,0.4930507538755574,0.16875912408759128,0.4646808510638298,0.5472935196950445,0.22883087400681046,0.31648170982326346,-0.3409181636726547,48.19983701434295
Naz Reid,1629675,0.3908960989020449,0.18445452752022093,0.5102070155261644,0.4397129022287854,0.43292327514801976,0.19595427733528842,-0.2775530021039003,48.15919763028186
Amen Thompson,1641708,0.6381390790139994,0.234250421111735,0.07905073649754502,0.42975271234483436,0.5940801536715271,0.3213506592051598,-0.42561031782588665,48.015955322909086
Fred VanVleet,1627832,0.11863508846441861,0.25662696888205916,0.5957446808510638,0.43496288370226716,0.27600215066610906,0.4860795638912324,-0.30150225864061353,47.90138596542868
Chet Holmgren,1631096,0.4708650889156304,0.2871046228710462,0.28132387706855794,0.4416207821544543,0.5959137343927355,0.16303603233319633,-0.3881126635617654,47.521633977187
Daniel Gafford,1629655,0.8575804106702386,0.2327344188658057,0.0,0.3776756915257551,0.4909412381035536,0.12449018305985014,-0.24988484569322894,47.05419706705524
Keyonte George,1641718,0.13977838042952262,0.40947708507837755,0.5713289152424137,0.5084258545628763,0.2672819634915614,0.49523963534191745,-0.5634632374595072,46.91385855421814
Bobby Portis,1626171,0.3926412881900524,0.18121231355125356,0.2913968547641073,0.4183194298657533,0.5953955485367418,0.19139012491288265,-0.25514189013277794,46.58396161924766
Devin Vassell,1630170,0.30493098322361434,0.21167883211678834,0.5398936170212766,0.4970775095298603,0.2836549375709421,0.24886970817920265,-0.2724550898203593,46.54384582491553
Brook Lopez,201572,0.5246939443159447,0.20576050503057802,0.39246693502012653,0.39520587932277895,0.35851458723195384,0.15862965308094779,-0.22374170577763391,46.48942215553434
Collin Sexton,1629012,0.42324002721078635,0.42805888902635164,0.3937973314100252,0.5540886869252473,0.1975605533003713,0.3598821291981024,-0.5470415101999392,46.43954106168032
Bennedict Mathurin,1631097,0.4032025052059726,0.4466717507353743,0.3167672276913306,0.49248041874490317,0.38423094516068923,0.15974382096913706,-0.39726517115023685,46.3431862421868
Chris Paul,101108,0.3775386140015572,0.18802919708029195,0.3872340425531915,0.26551461245235075,0.25743473325766175,0.651376900945335,-0.32135728542914177,46.341628942840586
Tobias Harris,202699,0.4258241234023039,0.27927642018406856,0.27520814061054577,0.4216341638583504,0.4342397473227064,0.19264104076198646,-0.2308426625010848,46.141717675873714
Deandre Ayton,1629028,0.694784455298365,0.12408759124087591,0.03351063829787234,0.4391359593392631,0.7258229284903519,0.13810110974106043,-0.36152694610778446,46.03739119170851
Harrison Barnes,203084,0.5046019678629575,0.2388321167883212,0.3961702127659575,0.3606607369758577,0.26315550510783203,0.14500616522811344,-0.12854291417165667,45.677288338345804
Keegan Murray,1631099,0.36028055024657285,0.14233576642335768,0.45921985815602834,0.38288860652265994,0.48070374574347335,0.12107822989450609,-0.16882900864936795,45.620674514954054
Rui Hachimura,1629060,0.5142029768914457,0.1873921698739217,0.37775628626692453,0.39311539794386047,0.35754824063564133,0.11926914023091582,-0.1752857920522591,45.52625163644121
P.J. Washington,1629023,0.35583727667212917,0.271587935546068,0.35828984343637094,0.4528301886792453,0.5585847985779453,0.19705464951259802,-0.42707038752683313,45.34958409073585
N'Faly Dante,1642368,0.7504778084519006,0.18978102189781024,0.0,0.30495552731893266,0.6435868331441543,0.08631319358816276,-0.2095808383233533,45.30901696113235
Dejounte Murray,1627749,0.07976215757060931,0.3974570284906994,0.3747426218256692,0.533180309054392,0.4613525685621178,0.6348196173581003,-0.7166312536217887,45.28719059836783
Paul George,202331,0.2614630002745132,0.25387217375823395,0.523092890503373,0.4946229894319274,0.38196616926441684,0.37472557216324326,-0.541843142982328,44.856477053919406
Quentin Grimes,1629656,0.44107029093225736,0.24045881126173096,0.46595744680851064,0.4295516427663823,0.2982973893303065,0.24537607891491986,-0.37724550898203596,44.74269978260721
Shaedon Sharpe,1631101,0.324587460807215,0.2999141262344354,0.4402377972465582,0.5489199491740788,0.3133805167924151,0.22466816566330602,-0.4222437477985206,44.38336843385799
Dereck Lively II,1641726,0.7775509662348694,0.1364051094890511,0.0,0.2782719186785261,0.5609038024971623,0.22657213316892727,-0.2554266467065868,44.25025446336528
Aaron Nesmith,1630174,0.5124720257444827,0.2436833239752948,0.4067103109656301,0.35734532303782623,0.27503710818126254,0.11065794049764457,-0.18271150007676953,44.22246774405317
Tyus Jones,1626145,0.3989908685495859,0.1337226277372263,0.4646808510638298,0.31593392630241424,0.1735300794551646,0.47184545828195645,-0.24590818363273453,43.95559989297651
Kelly Oubre Jr.,1626162,0.410129539180293,0.262043795620438,0.2643617021276596,0.4604828462515883,0.43859250851305337,0.15536374845869297,-0.27944111776447106,43.92319755870187
Jared McCain,1642272,0.38456978773301825,0.2983179942875278,0.49537465309898243,0.4667145461576709,0.17411044761387753,0.22516485283868548,-0.3371517833897423,43.809445368785724
Ty Jerome,1629660,0.5214238850343735,0.26625994117006213,0.34344236265481104,0.37140852282425235,0.17824046622731968,0.28856948304102176,-0.2658861381714184,43.71598108272418
Donte DiVincenzo,1628978,0.30404696174498685,0.14285714285714285,0.6223404255319148,0.3545108005082592,0.2694381384790011,0.3236744759556104,-0.3143712574850299,43.691297435694054
Jabari Smith Jr.,1631095,0.34710208190777325,0.25060827250608275,0.3847517730496454,0.37159395736269946,0.4754067347710934,0.08950997853587249,-0.2173430915945886,43.66904803729743
Drew Timme,1631166,0.7504778084519006,0.14598540145985403,0.14893617021276595,0.39644218551461247,0.45289443813847896,0.14385532264693796,-0.34930139720558884,43.352371426358346
Klay Thompson,202691,0.22771764452318982,0.17605403638740602,0.680215941568752,0.4364960458191887,0.25401934707845564,0.1803559269006386,-0.2658861381714184,43.344233021316846
Jaden Ivey,1631093,0.3668124867275428,0.29489051094890517,0.46914893617021275,0.5367217280813216,0.29557321225879685,0.3423756678997123,-0.6217564870259481,43.21061183844739
Jrue Holiday,201950,0.3791887874283287,0.18978102189781024,0.3967351430667645,0.34228629014590545,0.3045324670241497,0.33483566478166593,-0.2673962419987611,43.11301715373347
Jaden McDaniels,1630183,0.450841054643404,0.18978102189781024,0.28807390817469203,0.3803918946030897,0.422471473803692,0.17489778700759295,-0.23164197919949578,42.98090438551142
Ayo Dosunmu,1630245,0.4841182933697729,0.18692478578229133,0.3011100832562442,0.3752278879619911,0.25028376844494893,0.39028574492038814,-0.3143712574850299,42.94918855615768
Chuma Okeke,1629643,0.5559930831538392,0.07716371220020855,0.3191489361702128,0.20911236159012525,0.4392735527809308,0.16029593094944514,-0.08982035928143713,42.887286947158735
Khris Middleton,203114,0.44608771013527854,0.2714539356875124,0.2898217366302473,0.36264981627116316,0.2647789673896371,0.3499183523844437,-0.3172034309758861,42.79335676131049
Max Strus,1629622,0.39018994360680487,0.12262773722627739,0.49645390070921985,0.2853028377806015,0.30192962542565266,0.26661186463899167,-0.2049234863606121,42.554313842783294
Dillon Brooks,1628415,0.2743340176022272,0.19890510948905113,0.5523049645390071,0.42354934349851764,0.26716799091940974,0.1498492944238937,-0.21831337325349304,42.2875442494454
Naji Marshall,1630230,0.5284901927076485,0.24191866527632952,0.19858156028368792,0.40467114418829797,0.3530079455164586,0.24660912453760792,-0.3260146373918829,42.273856795349744
Guerschon Yabusele,1627824,0.5011317502154822,0.1704594246457707,0.32853566958698377,0.3260333358248001,0.4048708018962409,0.17897294552839635,-0.2650581190560056,42.214365005677884
Royce O'Neale,1626220,0.37918878742832873,0.08124404950809268,0.5471785383903793,0.2837412297663113,0.34407540837980555,0.19013920906377885,-0.18224420723769852,42.17271914103214
Tari Eason,1631106,0.47677115833837,0.20241437394722067,0.25347790507364976,0.37357052096569254,0.45931197066270846,0.11785070662999148,-0.24182404421925377,42.12779788401127
Daeqwon Plowden,1631342,0.7504778084519006,0.14598540145985403,0.44680851063829785,0.24396442185514614,0.11918274687854712,0.0,-0.06986027944111776,41.99912370738233
Keldon Johnson,1629640,0.46341638941978736,0.24635036496350363,0.26063829787234044,0.3871240999576451,0.3366912599318955,0.1402589395807645,-0.20084830339321358,41.923993481507125
Al Horford,201143,0.3553046983566371,0.12754514022281985,0.41937290033594626,0.2712499164047349,0.43282155445367104,0.18474051960975188,-0.15810484294568758,41.905999512343065
Obi Toppin,1630167,0.57858474316321,0.16970802919708028,0.3102836879432624,0.32359169843286745,0.28504540295119185,0.13666255651459103,-0.17756154357950765,41.73623027974877
Moritz Wagner,1629021,0.6308402350109719,0.26861313868613146,0.20106382978723406,0.39237611181702675,0.35278093076049943,0.12083847102342786,-0.34231536926147704,41.68189573303105
Jordan Clarkson,203903,0.19856169611956392,0.36022884198066685,0.5071880391029326,0.4945224767334044,0.2280577967297604,0.32192488419368814,-0.48713384042725355,41.66014747446398
Dennis Schröder,203471,0.2536321136522414,0.319263725801333,0.38852913968547637,0.40395558256449926,0.1865469081577259,0.46909344341392806,-0.3978998524689751,41.65427490031271
Dyson Daniels,1630700,0.47643115007735953,0.10719499478623566,0.23617021276595745,0.4321655472862589,0.41986379114642447,0.37114673242909985,-0.4221556886227545,41.59513894298145
Grayson Allen,1628960,0.4026610818608533,0.19884218474704254,0.5315480557593544,0.31862594750909173,0.21452894438138478,0.18155533823716996,-0.22764815197191826,41.5770890937389
Jonas Valančiūnas,202685,0.5865754478198735,0.2590254488064707,0.02415181138585394,0.32143960987671283,0.5653127588428383,0.18079114873196256,-0.3228677779575983,41.431195727262434
Malcolm Brogdon,1627763,0.33793445175904285,0.4416058394160584,0.14893617021276595,0.3875476493011436,0.2711407491486946,0.35244554048499793,-0.3318363273453094,41.26042402538383
Aaron Wiggins,1630598,0.4817352789491246,0.14285714285714285,0.3829787234042553,0.3567979669631512,0.2696935300794552,0.1467324290998767,-0.17664670658682635,41.16737720947766
Luguentz Dort,1629652,0.3717999511890537,0.1015361150452119,0.5268339155287393,0.30814162984316035,0.29564436613753026,0.1391317150376355,-0.14389132183394404,41.0402938286914
Jerami Grant,203924,0.1184964960713526,0.3826681161671067,0.5133544590312359,0.4392657276487605,0.248001545632381,0.18548154366817957,-0.2898458402344248,40.994759248284
Brandin Podziemski,1641764,0.3444482942331408,0.15290049942374184,0.3527435610302352,0.3295659733832676,0.3525300197144393,0.2861963787396976,-0.22428826557411494,40.909414464169124
Nikola Jović,1631107,0.41416528940881026,0.22119961916851796,0.3788159111933395,0.32749571846859293,0.27982036223658885,0.2458049643488983,-0.2733663108565478,40.90528509647617
Toumani Camara,1641739,0.42157337886937585,0.15198480151984803,0.37642086855144274,0.34004630032549477,0.412404957007137,0.1903619748999206,-0.3014518907390698,40.83868522424919
Isaiah Joe,1630198,0.3864689643111438,0.11442679261485617,0.5749374217772215,0.30854323940503775,0.18823863256994058,0.12946979038224415,-0.11095456146530469,40.83329313436816
D'Angelo Russell,1626156,0.2120001639264862,0.28198232808298124,0.4428891377379619,0.39162709824115566,0.20323794730868033,0.44822290003677506,-0.3897468221451833,40.80974658686874
Jonathan Kuminga,1630228,0.364095737793224,0.289122307281467,0.23430202387130256,0.48644125577215114,0.3296420364884693,0.1936783856124628,-0.31692712136702206,40.556756731295565
Caris LeVert,1627747,0.419731841448144,0.17845456833626983,0.36592076302274396,0.35700828111992294,0.21822771928451212,0.2857264339470216,-0.24932892835019618,40.43834867997377
Mike Conley,201144,0.35253213976509784,0.19584503088152724,0.41931260229132566,0.2594467793959535,0.18152449139963328,0.38641752821777486,-0.2224781206817135,40.35776079019152
Spencer Dinwiddie,203915,0.3390494338041587,0.29453541132373257,0.3079355951696377,0.3375115903705485,0.18457219989569593,0.36741427000366583,-0.26055996115876356,40.30279274891504
Jeremy Sochan,1631110,0.5785847431632098,0.17761557177615572,0.11583924349881795,0.34843992658478046,0.46613696556942863,0.20459423665342283,-0.3260146373918829,40.16774109327056
Gradey Dick,1641711,0.23479861258582854,0.3284671532846716,0.4716312056737589,0.43879711986446424,0.25558077941732876,0.15664246243777688,-0.32213351075626523,40.13149899924082
Luke Kennard,1628379,0.4725182681227784,0.1510111283953572,0.40286013254272757,0.27845939133876313,0.19460002605087362,0.2928988700450769,-0.2405026013546677,39.82511764224548
Chris Boucher,1628449,0.4881002335952431,0.1871532846715329,0.31276595744680846,0.3061753494282084,0.3203632236095347,0.05696670776818743,-0.1215568862275449,39.776939203613466
Jalen Suggs,1630591,0.1953123198737979,0.3737226277372263,0.4851063829787234,0.4940279542566709,0.28808172531214526,0.31812577065351416,-0.6107784431137724,39.613477421218
Grant Williams,1629684,0.3869239753663198,0.26368613138686137,0.3769946808510638,0.31639135959339265,0.36648694665153236,0.19959926017262639,-0.3667664670658683,39.606228867088
Gary Trent Jr.,1629018,0.359168301000587,0.1685272649205668,0.5387984981226532,0.33500261604006276,0.16510315817586965,0.09773699862189018,-0.12328284607256076,39.548181660276185
Nick Richards,1630208,0.6427581542043211,0.2457420924574209,0.0,0.29140194832698013,0.5932652289065455,0.07832123121888844,-0.3104901308494123,39.54675821827862
Richaun Holmes,1626158,0.6679691371133292,0.23357664233576644,0.0,0.23176620076238882,0.4219069239500568,0.12083847102342786,-0.1467065868263473,39.24784151692126
Wendell Carter Jr.,1628976,0.42753371204077295,0.22262773722627738,0.12566489361702127,0.2758894536213469,0.5251489784335982,0.17127774352651048,-0.22922904191616766,38.97998801799165
Corey Kispert,1630557,0.39136219795369176,0.19193490487016873,0.4394837809557028,0.3524486012456517,0.21218436575426583,0.14574194982919286,-0.21988809266712478,38.83510024388042
Duncan Robinson,1629130,0.3573482567798832,0.13181623014169172,0.5617959949937421,0.3341056880185365,0.16299993323095413,0.2132443606295786,-0.24964776329693555,38.79391082005498
Killian Hayes,1630165,0.35856161959368577,0.23357664233576644,0.2978723404255319,0.2744599745870394,0.21452894438138478,0.44595150020550767,-0.3143712574850299,38.76611934237313
Zach Edey,1641744,0.6267148014440433,0.16393442622950818,0.06592256714335543,0.2819588809965214,0.5509759773729554,0.080653312041398,-0.26111711004221067,38.72667753755225
Kel'el Ware,1642276,0.6093445548464493,0.10679984633115637,0.12541993281075028,0.2749949842840902,0.5118585339626023,0.08025612737144959,-0.2022271246979725,38.66005619192838
Tim Hardaway Jr.,203501,0.29785881139459397,0.2310740354535975,0.4723404255319149,0.32717371573788345,0.17264472190692393,0.13810110974106043,-0.1347305389221557,38.60912592206282
Georges Niang,1627777,0.43852721544579454,0.11958804119588043,0.4621101719615272,0.3020312962350525,0.2556714816600065,0.12296674155025927,-0.20670986793536214,38.34538136549354
Larry Nance Jr.,1626204,0.5287357542294897,0.08576642335766425,0.31648936170212766,0.2579415501905972,0.3068955732122588,0.13666255651459103,-0.13972055888223553,38.309083006656245
Jalen Smith,1630188,0.454258152334734,0.17039607514658375,0.25636553889082664,0.2484637657008353,0.3938892093559852,0.08631319358816276,-0.12025130067733385,38.223470326988206
Draymond Green,203110,0.3670153769029656,0.17470384109130072,0.25636553889082664,0.2799591726206595,0.44078078189836434,0.49523963534191745,-0.5256699715323452,38.19677408069294
Sam Hauser,1630573,0.41979852410278184,0.07481751824817519,0.5096409574468085,0.24968233799237613,0.2189982973893303,0.0809186189889026,-0.0654940119760479,38.19594944860755
Clint Capela,203991,0.6064626730245758,0.07511612475116124,0.0,0.2705787224211621,0.6097822722113301,0.09729850913574711,-0.17909635274904737,37.98499145588312
Buddy Hield,1627741,0.3131818503574715,0.13197080291970803,0.551063829787234,0.34317662007623895,0.23264472190692395,0.14960953555281548,-0.24590818363273453,37.87200279937131
Kyle Filipowski,1642271,0.5292045534984587,0.1320504313205043,0.24371373307543517,0.2800046205382927,0.40847177793829326,0.1647797332137653,-0.2889675195064417,37.70565868696322
Julian Champagnie,1630577,0.32803341119841434,0.17576642335766424,0.4676595744680851,0.2935705209656925,0.27364358683314416,0.11738594327990137,-0.19001996007984032,37.62307927810683
Jaylen Wells,1642377,0.3449911144393154,0.20188244333461391,0.39683650615901456,0.3210058182304555,0.23805185494951908,0.14650528911674995,-0.18476205483769303,37.58385253567233
Ochai Agbaji,1630534,0.4947009273023289,0.10000000000000003,0.3276595744680851,0.30444726810673445,0.2717366628830874,0.13522400328812167,-0.17115768463073852,37.53508705101798
Nic Claxton,1629651,0.6060876336094005,0.06635700066357,0.010154738878143133,0.31142428092872826,0.5428232380559281,0.19355079774315284,-0.26991471602250044,37.48048173931265
Andrew Nembhard,1629614,0.433728417635181,0.22541135716936783,0.1855391272989542,0.3127086339456852,0.23755747513418882,0.43888064536353943,-0.37653506546229576,37.39855538595883
Oscar Tshiebwe,1631131,0.5817100716230044,0.20172528201725284,0.0,0.17188402448885298,0.5590754308120937,0.054926577737921756,-0.11431682090364724,37.33988895068456
Yves Missi,1642274,0.5729047983971488,0.1574103459219295,0.0,0.2735760455223468,0.5814045304249124,0.11258242641934274,-0.24299227631693138,37.33684286175089
Alex Sarr,1642259,0.18529340978268558,0.16788321167883208,0.36117021276595745,0.39593392630241425,0.4695800227014756,0.19564323879983558,-0.3353293413173653,36.95930852201899
Tre Mann,1630544,0.303026936961955,0.23020774845592362,0.4124386252045827,0.4292835499951129,0.20902820221775953,0.2589395807644883,-0.40304007369875633,36.95186338694038
Ziaire Williams,1630533,0.3111191335740071,0.2204379562043796,0.36861702127659574,0.30648030495552736,0.33132803632236096,0.11796136457048911,-0.2165668662674651,36.93883631648537
Jose Alvarado,1630631,0.2675594085584967,0.15113782739373122,0.4292866082603254,0.29359443904626653,0.17246444548307405,0.3994100722903218,-0.2753316895620524,36.906607623812285
Amir Coffey,1629599,0.45065756612300684,0.24529659710085333,0.3178004195385077,0.29894231973799595,0.16114850282169751,0.093607266285754,-0.1298810829046133,36.892505180715624
Moses Moody,1630541,0.3902720417872414,0.20350800740821443,0.3867894569704668,0.3072313148362381,0.17930777440832163,0.1146548392439774,-0.14701939404772546,36.81994160640921
Russell Westbrook,201566,0.3738077871236391,0.1669311329736591,0.2849213691026827,0.4008618308380753,0.35547549721166655,0.5391447309637414,-0.6894905840492928,36.7405842891292
Jaylin Williams,1631119,0.41856792602173787,0.10019907100199073,0.2741779497098646,0.17396326672057294,0.39817872252605513,0.2118596569891268,-0.14765922700054437,36.679906564724135
Goga Bitadze,1629048,0.6454667722028096,0.12408759124087594,0.010154738878143133,0.2194755689037773,0.4799814260654215,0.1673952845346187,-0.2191072400653239,36.632860397326084
Quinten Post,1642366,0.4260180333231937,0.10455711185638196,0.4226566992524439,0.2645695250523713,0.2647789673896371,0.1259706068583997,-0.18125910341479204,36.628695243491514
Taurean Prince,1627752,0.43939781786458365,0.10633260998224503,0.4196377228292122,0.25055805487825816,0.2599472344080744,0.17029359816042924,-0.2209095322867778,36.57648796839516
Tre Jones,1630200,0.5513807971783911,0.18121231355125356,0.09227567067530065,0.21877244351140823,0.1803286778858017,0.36026376454189674,-0.15946368133298622,36.56397671134937
Nickeil Alexander-Walker,1629638,0.38895955113947533,0.15693430656934304,0.3938969764837626,0.2889052364074099,0.22864269072226537,0.22600428321111038,-0.2592184052946738,36.54741512976955
Miles McBride,1630540,0.30996541062732363,0.14301620685389088,0.3937973314100252,0.2878986927400771,0.1805921622193578,0.24723609688812723,-0.13853648634933524,36.54343158307229
Scotty Pippen Jr.,1630590,0.46281244081201606,0.17380153876504245,0.2354801610120759,0.2925924654005976,0.23868760928919838,0.3779118205751991,-0.35968603333872795,36.482625192262866
Keon Ellis,1631165,0.4859979578597671,0.16278372162783722,0.38866219761002624,0.2564968407860612,0.18514141775379783,0.13124334915460367,-0.19235501599540644,36.389480202077
Dorian Finney-Smith,1627827,0.4095867189741182,0.08835958509412217,0.4428891377379619,0.26375978064602423,0.28854770296911403,0.11811279122590694,-0.19487341107259165,36.34872305275864
Scoot Henderson,1630703,0.29480491901388056,0.27737226277372273,0.35541586073500964,0.3867390550999192,0.21452894438138478,0.4381048462429474,-0.5620577027762657,36.0542618664709
Max Christie,1631108,0.37059413416389414,0.23540145985401462,0.3320035460992908,0.28716645489199494,0.23141316685584562,0.16303603233319633,-0.2241350632069195,35.81229874723814
Kelly Olynyk,203482,0.5089890142902278,0.22503115542104324,0.1689154125583809,0.26181547711283976,0.34533927632125355,0.2526239812336471,-0.3731561267708486,35.66033381048474
Dalton Knecht,1642261,0.43247563766782277,0.13138686131386862,0.3661347517730496,0.27700127064803054,0.20161748013620887,0.07912042745581586,-0.09896872920825016,35.64004739785072
Brandon Clarke,1629634,0.6808611170099809,0.13024635036496351,0.003490691489361702,0.25444726810673446,0.36425227014755956,0.08901048088779286,-0.13426272455089822,35.62151233725307
Bogdan Bogdanović,203992,0.3133574007220215,0.18139462649479732,0.42304210049796287,0.32831382302846795,0.2160504262564301,0.2295563659259648,-0.307682507325774,35.51852083290405
Stephon Castle,1642264,0.2805128764355775,0.2874334188202803,0.25963197239792984,0.4347676774614513,0.24158664907813604,0.32425767320958443,-0.4446512380644117,35.505863644424544
Derrick Jones Jr.,1627884,0.5542250401965839,0.14661105318039624,0.23297872340425532,0.3149754946451262,0.24824063564131668,0.06781750924784218,-0.18263473053892215,35.47185228185349
Zaccharie Risacher,1642258,0.37190861054551355,0.17625590382138262,0.3515331664580726,0.37715823305179763,0.26185150564198434,0.10789149198520345,-0.2650581190560056,35.454582744455436
Justin Champagnie,1630551,0.49395084847197823,0.12289316522893166,0.23965183752417796,0.23841977590389282,0.36794964399958724,0.08160520121062662,-0.16766467065868265,35.333068328901426
Bilal Coulibaly,1641731,0.29737934211805,0.2610416924409254,0.23855030652722684,0.3757672345099391,0.35633621270128324,0.29112416142448116,-0.44402719983761296,35.31679661112357
Terry Rozier,1626179,0.24122346814088114,0.22208926648318772,0.33327520055807464,0.3374507884266878,0.2672819634915614,0.2320551434173556,-0.26111711004221067,35.21637625023913
Luke Kornet,1628436,0.6529675605063162,0.12408759124087591,0.0,0.1695737553424974,0.3748839129088845,0.13862422000523109,-0.08891308292505898,35.189821041248535
Kyle Kuzma,1628398,0.25542578042047137,0.18071985904857796,0.31584739545121054,0.45375279323489465,0.4315237386981878,0.2068540329095625,-0.4733636175924015,35.17791401912834
Brice Sensabaugh,1641729,0.442022314063087,0.1493542953396968,0.4536824877250409,0.31386961196363994,0.19472627259233388,0.12216636630939962,-0.3063104560110548,35.14585852595681
Jusuf Nurkić,203994,0.4369448573653288,0.1693430656934306,0.13900709219858157,0.24396442185514614,0.5688989784335982,0.1898890258939581,-0.3819028609447771,35.05946862722381
Cason Wallace,1641717,0.4546068698237417,0.10766423357664234,0.25132978723404253,0.25444726810673446,0.24469707718501701,0.22387484586929718,-0.18010853293413173,34.81225542945807
Jaxson Hayes,1629637,0.7331509874708007,0.131970802919708,0.0,0.21407878017789073,0.338955732122588,0.09667077681874231,-0.1634730538922156,34.67989753195379
Day'Ron Sharpe,1630549,0.5351301762582289,0.1582481751824818,0.049148936170212765,0.24213468869123256,0.4719636776390465,0.15709001233045625,-0.26407185628742513,34.636008142648414
Bub Carrington,1642267,0.28017838182204274,0.14072992700729928,0.345531914893617,0.27811944091486657,0.2927128263337117,0.3613645704891081,-0.34930139720558884,34.62810017618649
Johnny Juzang,1630548,0.3983933919640307,0.13314875409010823,0.3774761555392517,0.257109056653376,0.2021996947042937,0.08780135209830349,-0.10840388189138965,34.586753343974394
Herbert Jones,1630529,0.366812486727543,0.22919708029197078,0.24574468085106385,0.312579415501906,0.2788876276958002,0.280517879161529,-0.3667664670658683,34.56745933229341
AJ Green,1631260,0.3904399698835884,0.09024552090245522,0.4671179883945841,0.2245581610257595,0.16252192756165515,0.12685423906139073,-0.11749228815097078,34.49747139670115
Vít Krejčí,1630249,0.46087237205351456,0.09518248175182482,0.3395744680851064,0.21285895806861502,0.19307604994324631,0.22614056720098646,-0.18443113772455091,34.47253306647743
Lonzo Ball,1628366,0.2731062099930224,0.12221063607924923,0.4276595744680851,0.23263750226901436,0.24108967082860386,0.2836004932182491,-0.24550898203592816,34.25494473231651
Justin Edwards,1642348,0.41454964657343085,0.11470281543274245,0.3563829787234043,0.31366854238518793,0.23666288308740066,0.13563501849568435,-0.23952095808383234,34.18529057782199
De'Anthony Melton,1629001,0.29668011608975703,0.10218978102189784,0.4840425531914893,0.3151207115628971,0.23836549375709423,0.2445540484997945,-0.34930139720558884,34.17426521601743
Kevin Huerter,1628989,0.3327776598003822,0.10150547445255474,0.40492021276595747,0.2916137229987294,0.21452894438138478,0.1847641800246609,-0.2030314371257485,34.05691953956614
Brandon Boston,1630527,0.3585616195936859,0.21167883211678837,0.26063829787234044,0.3252858958068615,0.22814982973893305,0.18906699547883274,-0.2594810379241517,33.7187232278562
Danté Exum,203957,0.4685731813784479,0.16788321167883208,0.26063829787234044,0.27784836933502755,0.11918274687854712,0.23975887107822988,-0.22122421823020627,33.68690171766104
Robert Williams III,1629057,0.639091102144829,0.14379562043795624,0.011170212765957447,0.17687420584498095,0.4219069239500568,0.0906288532675709,-0.1781437125748503,33.49860522582558
Jalen Wilson,1630592,0.2950299426629857,0.2440875912408759,0.31276595744680846,0.2797458703939009,0.23741203178206582,0.15191122071516647,-0.21796407185628744,33.43869058634776
Kentavious Caldwell-Pope,203484,0.38936108937418,0.16998300169983002,0.33357621684640043,0.26861151241927905,0.15771305956805,0.15134368190801142,-0.16938725289147732,33.39282468287126
Sam Merrill,1630241,0.3566864225178092,0.11214333112143332,0.4231141199226306,0.21762735358669288,0.15602105045918893,0.12554646340096404,-0.09526401741970604,33.25612813250753
Tyrese Martin,1631213,0.32490676681084746,0.13215520553207838,0.3762597984322508,0.26429479034307496,0.26345659836310414,0.17262638717632553,-0.23899569282487657,33.226080016026714
Garrison Mathews,1629726,0.3630457865142604,0.1983497302443669,0.39824236817761327,0.22606485829512182,0.1290282781424271,0.11070605264568702,-0.13212705024733143,33.19031005289027
Alex Caruso,1627936,0.42869399023147164,0.12934306569343065,0.25021276595744685,0.21041931385006357,0.20451759364358682,0.22096177558569668,-0.15089820359281436,33.188777392472446
Ausar Thompson,1641709,0.5800117799316443,0.1278060873157967,0.042151746286631875,0.29862626165759637,0.3535005247039171,0.18728334457808904,-0.2965766580047452,33.17730048367499
Thomas Bryant,1628418,0.5155378629454596,0.14524310280836328,0.16660656328885684,0.200547024745332,0.28361453663979685,0.07460970971180171,-0.09946209276362529,33.020592028880664
Zach Collins,1628380,0.5178887090750653,0.18071985904857793,0.11170212765957446,0.1945405950138019,0.3119300168304043,0.15030400952421447,-0.1842865992153624,32.9205576398256
Isaiah Stewart,1630191,0.5693174648606892,0.14027292922881623,0.04532839962997225,0.18164742279432075,0.3938212505551991,0.14260440679783412,-0.19135641759958344,32.89070477024445
Alec Burks,202692,0.39933625368542164,0.12867085384484805,0.3740722414646215,0.20566768121509416,0.18126864292690653,0.09434232787543372,-0.10235343266954462,32.874514247139544
Dean Wade,1629731,0.40169115233884817,0.06317186463171866,0.30058027079303673,0.16578491394247433,0.31204210091837786,0.11142248626835558,-0.07621121393576484,32.80976648272518
Noah Clowney,1641730,0.21775877828764517,0.2126309108219613,0.42252543940795556,0.2784376553781559,0.2813749198045699,0.0750549509462285,-0.2095808383233533,32.80258701637304
Mason Plumlee,203486,0.5807456845554105,0.12596454640250257,0.0,0.13679433654020695,0.4454029511918275,0.15536374845869297,-0.17065868263473055,32.6848132236598
Mitchell Robinson,1629011,0.6355550162303188,0.12408759124087591,0.0,0.15901252495915777,0.43416572077185017,0.05548705302096178,-0.1347305389221557,32.68390944174062
Alondes Williams,1631214,0.7504778084519006,0.05839416058394161,0.22340425531914893,0.15247776365946633,0.0,0.08631319358816276,-0.0,32.619490361946546
Brandon Williams,1630314,0.5189212146952643,0.24911702378149284,0.15854495538778313,0.2538016969299504,0.12225843066896122,0.20325364941728652,-0.23662352713926987,32.57345753557782
Donovan Clingan,1642270,0.549616534783411,0.09931793705875314,0.043948378095570284,0.18747266023704878,0.5298747697288848,0.09197307513492754,-0.23363109845882005,32.555462917988905
Lonnie Walker IV,1629022,0.281946424779298,0.13347236704900942,0.3670212765957447,0.2809947358867308,0.22474460839954596,0.2034525277435265,-0.2245508982035928,32.51719377521407
Trayce Jackson-Davis,1631218,0.5941455890735545,0.08835958509412215,0.0,0.20865378184979605,0.37511201385984827,0.154455188526186,-0.15442798613299716,32.49710292547079
T.J. McConnell,204456,0.5442061301054716,0.12226277372262774,0.04654255319148936,0.2795425667090216,0.17480136208853578,0.38601178243595013,-0.2969061876247505,32.24465035443076
Trey Lyles,1626168,0.38318114249309826,0.12196844831645869,0.25583390528483185,0.19035127269746283,0.3194866537292666,0.10023467642496321,-0.11493142746764534,32.236019628035734
Karlo Matković,1631255,0.5832305016845258,0.14006707437364374,0.09660724554341577,0.21182046086747486,0.34595208147989076,0.09331156063585164,-0.21524518530506553,32.22624373706485
Julian Strawther,1631124,0.3771598856741015,0.1747038410913007,0.3442622950819672,0.2859582977482451,0.15474218938985135,0.11461260132198661,-0.195837832531658,32.22258773703427
Jordan Hawkins,1641722,0.1891241695234049,0.20385818561001046,0.43882978723404253,0.32891631875113453,0.20175936435868333,0.10172626387176326,-0.21706586826347307,32.005656322844004
Peyton Watson,1631212,0.4695554274658118,0.16266944734098018,0.1631205673758865,0.2517093241362619,0.24517593643586832,0.12604466365255515,-0.17298735861610112,31.95791753255584
Kyshawn George,1642273,0.24188920152898696,0.15282846715328469,0.3735039893617021,0.2630241423125794,0.3050333427922815,0.21713162762022195,-0.31109655688622756,31.881600841244325
Jeremiah Robinson-Earl,1630526,0.46309591082348617,0.13188172708152915,0.18175261449693472,0.18555768526694377,0.3151272629331076,0.10533135488724948,-0.14208870394803613,31.83909349291514
Jake LaRavia,1631222,0.4710734441462833,0.14001327140013273,0.20309477756286265,0.21162065380616843,0.28062119492312454,0.20662855434741995,-0.273090183269824,31.821228436292653
Terance Mann,1629611,0.4926382105188646,0.10437956204379563,0.20106382978723406,0.2287166454891995,0.2061861520998865,0.15392519523222362,-0.1501996007984032,31.737779344678646
Ben Simmons,1627732,0.5352377962643228,0.10123770231672487,0.0,0.16838848682393237,0.35754824063564133,0.5160027877553209,-0.4419422025514189,31.731692496651387
Jay Huff,1630643,0.5194535287039004,0.12408759124087591,0.2904255319148936,0.21041931385006357,0.14659477866061293,0.051787916152897656,-0.10828343313373255,31.680684986316344
Kenrich Williams,1629026,0.48698237417710766,0.09865787614786908,0.21619766643788607,0.18346518014509983,0.24451686133792244,0.11833260411280377,-0.11493142746764534,31.648244487759534
Keion Brooks Jr.,1631232,0.5559930831538392,0.0959332638164755,0.19148936170212766,0.2221818841895081,0.22474460839954596,0.08631319358816276,-0.14970059880239522,31.4874309741405
Cole Anthony,1630175,0.34325759184540233,0.20673416529314811,0.24862731640356894,0.2921670697216871,0.22029585148841127,0.249194542778728,-0.3346532740969673,31.45325975496787
Bol Bol,1629626,0.5357125904088541,0.11249463288965222,0.21026282853566958,0.21885043725241052,0.2166321693263003,0.05331109015739465,-0.12328284607256076,31.41111172573187
Jamison Battle,1642419,0.39786999603328826,0.09310012394986918,0.35828984343637094,0.19735801107621492,0.1794487396397747,0.0749133378312356,-0.0790871088012654,31.357528272158632
Jared Butler,1630215,0.41815121556043194,0.1776155717761557,0.19858156028368792,0.25187067626711845,0.12447975785092698,0.3004977850847148,-0.2522732313151475,31.281319012909474
Matas Buzelis,1641824,0.4092933026464561,0.1702505425133162,0.25057504312823464,0.2484975445585357,0.23578856950026075,0.07814843203252575,-0.17559475643307978,31.230899861723778
Keon Johnson,1630553,0.21361395372862765,0.17380153876504245,0.3532202415181139,0.3189669974930458,0.262846274197012,0.17962475422401442,-0.2860495225764687,31.206919244110214
Davion Mitchell,1630558,0.44568831358180433,0.10349711297526962,0.24674499841219436,0.22757875173054679,0.15369237806427566,0.4070890921471558,-0.3691125212262043,31.18520541837408
Tyson Etienne,1630623,0.3791887874283287,0.05839416058394161,0.44680851063829785,0.24396442185514614,0.0,0.08631319358816276,-0.0,31.17214159003197
Andre Drummond,203083,0.502951794436186,0.13065693430656933,0.01675531914893617,0.2233799237611182,0.554199772985244,0.07336621454993834,-0.28817365269461076,31.132806062614428
Haywood Highsmith,1629312,0.4549243588808981,0.09565312125503869,0.2600825658939346,0.19298678146750364,0.2348077998204212,0.12882566207188473,-0.15640361068906963,31.074817068740074
Gary Payton II,1627780,0.6032425070115187,0.09463881198087089,0.11170212765957446,0.19979844893309384,0.21329601941367568,0.11310004677069603,-0.12647119553995456,31.03452828978131
Tristan Vukcevic,1641774,0.47407375946768593,0.1635036496350365,0.20106382978723406,0.24091486658195682,0.24074914869466515,0.083436087135224,-0.19560878243512975,31.004394520057527
Cody Martin,1628998,0.381767183407659,0.11587591240875912,0.20013297872340427,0.21982210927573062,0.31583427922814983,0.18161734484175915,-0.2095808383233533,30.93603863226027
A.J. Lawson,1630639,0.3296835846251857,0.12408759124087589,0.2904255319148936,0.24548919949174083,0.22525539160045402,0.07336621454993834,-0.08383233532934133,30.91053488887581
Kevon Looney,1626172,0.511920128277335,0.07553157727705492,0.0064754856614246065,0.14098668581846308,0.4446034644425801,0.13509891170321128,-0.11238392779658077,30.85297639517502
Cameron Payne,1626166,0.36418721082131567,0.1340411413404114,0.29448742746615086,0.21254476146471066,0.1040140336394593,0.23670739453723422,-0.1460714933768826,30.793390601290415
Bruce Brown,1628971,0.3524292183455488,0.1968830144012626,0.15094882116158712,0.24561283011092416,0.2821732061232629,0.16796080914453296,-0.20391649134164105,30.592729286746483
Caleb Martin,1628997,0.3887090187366255,0.13250982594048286,0.19476268412438624,0.24865604535236047,0.2933729153933467,0.18590534003604287,-0.2525717795178873,30.573549786622216
Sandro Mamukelashvili,1630572,0.5144113321220987,0.10218978102189784,0.21926713947990545,0.17732599181137937,0.1973136587211502,0.06233730648033977,-0.08150365934797073,30.573485634672988
Alex Reese,1642024,0.502951794436186,0.11903425042111175,0.22340425531914893,0.16186101065389502,0.23653191303588578,0.0265579057194347,-0.08060801473975127,30.532208237863006
Jaime Jaquez Jr.,1631170,0.4111276279464854,0.20461502236873091,0.11890871654083733,0.25232610566872976,0.31025960235802424,0.21021439083568674,-0.3177515935870195,30.53135512764284
Patrick Williams,1630172,0.2706247461933662,0.1367652708413369,0.3370660694288914,0.2696448873135826,0.2722384849752076,0.17262638717632553,-0.27944111776447106,30.270229661283
Collin Gillespie,1631221,0.45711364369253515,0.11678832116788321,0.21513002364066192,0.15586615840745446,0.1403707907680666,0.19500388181029363,-0.10090929252605899,30.266092742969906
Jordan Goodwin,1630692,0.46357265584277685,0.10019907100199073,0.21324951644100582,0.18574563936698626,0.26003508409864823,0.11769980943840376,-0.16194882961350027,30.245290759075367
Tosan Evbuomwan,1641787,0.37356319620069883,0.2196416721964167,0.17263056092843326,0.2800046205382927,0.28603859250851305,0.14123977132608453,-0.29531845400108875,30.22596680154074
Marcus Smart,203935,0.2929297219380039,0.19774386197743862,0.3181818181818182,0.27076354395287056,0.1495201733567227,0.28509509397302246,-0.3365995282162947,30.221725349051543
Isaiah Jackson,1630543,0.6267148014440433,0.05839416058394161,0.0,0.21346886912325289,0.4004540295119183,0.08631319358816276,-0.2095808383233533,30.173723359788813
Moussa Diabaté,1631217,0.5873356628506341,0.09223623092236231,0.0,0.16264294790343076,0.4398926839335466,0.07061988566304227,-0.17782616585011796,30.151576884386
Ja'Kobe Walter,1642266,0.3210959474042324,0.17369283479815287,0.26443768996960487,0.25516686979747427,0.21161018323333874,0.13211203100228994,-0.19247219846022243,29.913991033491282
Cam Whitmore,1641715,0.35443618602675725,0.14890510948905109,0.2680851063829787,0.27649301143583227,0.21135073779795688,0.08055898068228524,-0.17697937458416502,29.842298658480594
Matisse Thybulle,1629680,0.46169745876690027,0.05839416058394161,0.24822695035460993,0.1897501058873359,0.2224744608399546,0.14385532264693796,-0.16300731869594146,29.804866067292835
Tristan da Silva,1641783,0.3652436598781476,0.14166752338850622,0.23599041054839673,0.21475741360488218,0.23366532909146137,0.12643059342491447,-0.1564476680441933,29.802713487406674
Kris Dunn,1627739,0.39581366896669756,0.07408214402440355,0.21340107970784375,0.19162130895712037,0.24761549799244412,0.25121004104017525,-0.2127089105371347,29.795722051655442
Josh Green,1630182,0.39396645990687873,0.10938010676544287,0.32010161956176564,0.22894422424093006,0.18250969895132735,0.13784345841691664,-0.2127089105371347,29.770105868669905
Ben Sheppard,1641767,0.40759341198750904,0.10362570300347015,0.24171607952563656,0.16297623263274108,0.20280605124579,0.11461260132198661,-0.07558653185432414,29.711257632740423
Orlando Robinson,1631115,0.4225058398810787,0.17664233576642338,0.08377659574468085,0.20127064803049555,0.3450340522133939,0.14457459926017263,-0.22005988023952097,29.608621835257722
Eric Gordon,201569,0.40774948135321887,0.13924761370016844,0.32078559738134205,0.2079953083765028,0.08434471317558719,0.14385532264693796,-0.15046829418086904,29.6026051737971
Trendon Watford,1630570,0.4215287635099641,0.22089896273530543,0.146976483762598,0.28970775095298607,0.23899277137224445,0.20442598481406968,-0.36952410967538607,29.58969318385314
Bismack Biyombo,202687,0.650288707540778,0.033368091762252354,0.0,0.16554728625884918,0.3711691259931896,0.11097410604192356,-0.17964071856287425,29.55633097191298
Kevin Porter Jr.,1629645,0.37918878742832884,0.19168517930815612,0.15217391304347827,0.29258052041323684,0.24872921087696787,0.2777033185010454,-0.39182504556105185,29.51858790432103
KJ Martin,1630231,0.5530463448917473,0.13972888425443167,0.0797872340425532,0.18950807769105102,0.20771850170261066,0.09453349773941637,-0.11477045908183633,29.501039423647107
Jared Rhoden,1631197,0.40169115233884817,0.21366954213669545,0.1827852998065764,0.2190135150745062,0.19502631307398616,0.07061988566304227,-0.13336962438758845,29.498062570421673
Dru Smith,1630696,0.5117920092224616,0.11470281543274248,0.2553191489361702,0.18950807769105102,0.18388195232690127,0.14180024660912455,-0.25449101796407186,29.320400925566076
Jeff Dowtin Jr.,1630288,0.4902581526917904,0.12240314430095453,0.13747954173486088,0.1978301241325384,0.11001484327250502,0.1593474343166082,-0.07523414709043452,29.309772848696774
Torrey Craig,1628470,0.485271364863635,0.08342022940563086,0.2446808510638298,0.1466690869486295,0.16004540295119182,0.036991368680641186,-0.01996007984031936,29.181948434687143
Ricky Council IV,1641741,0.3348557699926783,0.21919599084867633,0.17338837726262304,0.22621327922016352,0.2006539380283599,0.11594309586469626,-0.13450710519259987,29.146664838425966
Precious Achiuwa,1630173,0.5172321413986312,0.08366086468276251,0.03866612111292962,0.19001075163718112,0.38917750807648654,0.08133358626576875,-0.1652464302164901,29.123342158614314
Anthony Black,1641710,0.35714879987898424,0.23477652234776525,0.17137860682016903,0.28197942594558845,0.2008147652885109,0.26366907082411367,-0.3760971208268395,29.09345821079594
Isaac Okoro,1630171,0.44991050571853286,0.10934008639952332,0.22340425531914893,0.17612737598215908,0.15469434084644074,0.10921261229522636,-0.08982035928143713,29.072895596288383
Kyle Anderson,203937,0.45940555122971777,0.11192214111922144,0.09929078014184396,0.16433714527742485,0.22379871358304956,0.19500388181029363,-0.1280771789753826,28.888434991268173
Daniel Theis,1628464,0.4801533457768439,0.1448328851325394,0.05291153415453527,0.13000735638333447,0.308620586653922,0.13628398987604648,-0.13788213047589035,28.612467986564848
Oshae Brissett,1629052,0.48232462660154307,0.10218978102189777,0.22340425531914893,0.26429479034307496,0.2622020431328036,0.05754212905877517,-0.27944111776447106,28.55059278226935
Ajay Mitchell,1642349,0.5102319713190011,0.14727350794332333,0.14455569461827283,0.19553030869272744,0.140916071309341,0.14470153042721404,-0.17259598450158506,28.501745485530343
Javonte Green,1629750,0.44506264599702694,0.1304450200141276,0.16575154426904598,0.16329876624175105,0.2375965728094907,0.07239171075136232,-0.10479041916167665,28.479745587796863
Josh Okogie,1629006,0.45563064469788767,0.17045942464577074,0.16426783479349188,0.2053965169295164,0.20821926954663816,0.06600420686153623,-0.16026769989432899,28.47857423939699
Kai Jones,1630539,0.6748448597248767,0.10948905109489053,0.006205673758865248,0.13384159254553157,0.2105561861520999,0.05034936292642828,-0.08150365934797073,28.32646584860355
Marcus Sasser,1631204,0.4655893772262668,0.13028508469907724,0.22761942994781212,0.1910287454148786,0.08365279592230099,0.19054044622292537,-0.1858547056829737,28.302807238209006
Nicolas Batum,201587,0.44530875007636206,0.07999200079992001,0.23870591664237834,0.11696924335520704,0.20277393373035,0.09813691873722616,-0.09187105241571651,27.97315318304554
Seth Curry,203552,0.45187499789326074,0.10218978102189781,0.2588652482269504,0.18539359835420827,0.11350737797956867,0.07398273736128237,-0.09647371922821024,27.95581291852214
Simone Fontecchio,1631323,0.3791887874283287,0.15306998711893519,0.22997496871088857,0.18521563644517527,0.21347733190892704,0.07742801189526366,-0.15102148643888694,27.90431265959078
Jonathan Mogbo,1642367,0.42912824639641145,0.1390703034959662,0.06270996640537514,0.17227312245034443,0.32242069418722746,0.15899798818872088,-0.19855026788528207,27.871382218795183
DaQuan Jeffries,1629610,0.3637184115523465,0.10766423357664234,0.2625,0.20279542566709025,0.19843927355278093,0.09710234278668312,-0.15194610778443113,27.723140145495247
Nick Smith Jr.,1641733,0.2377453508479204,0.13112617309697602,0.375,0.2929751316028318,0.14557321225879682,0.19266337854500618,-0.29565868263473055,27.70135179496476
Ryan Dunn,1642346,0.4028493622974779,0.04873336195792187,0.22997496871088857,0.19687570072501684,0.23766441877545572,0.06473489519112208,-0.10170834800986263,27.693647635916413
James Wiseman,1630164,0.502951794436186,0.3211678832116789,0.0,0.1829733163913596,0.07150964812712826,0.0,-0.0,27.680258761896816
Micah Potter,1630695,0.4391950938563807,0.11413404114134042,0.19632495164410058,0.1284509645373686,0.29687338767929006,0.06800433434218885,-0.1651242968608238,27.661161179678672
Kevin Love,201567,0.3253787843814342,0.10980641066328149,0.23311748381128583,0.1617590188387382,0.2922568227804373,0.08256044604085135,-0.12757094506638897,27.647034815434797
Neemias Queta,1629674,0.6178745866577678,0.12174139728884256,0.0,0.14975494645126158,0.2719920544835414,0.053945745992601726,-0.13847305389221556,27.63491300469243
Ryan Rollins,1631157,0.4905754937354003,0.12408759124087591,0.1876595744680851,0.18053367217280814,0.1330079455164586,0.13982737361282369,-0.18023952095808382,27.59940693153228
Jonathan Isaac,1628371,0.40135529614615384,0.12114609434578931,0.1267068910765322,0.15793965370099944,0.3105866806715571,0.04122421186300311,-0.0844579497720976,27.574994887896985
Gabe Vincent,1629216,0.36606240789719235,0.07631055076310553,0.3452611218568665,0.2000693080743907,0.09101227943452687,0.11900758509883048,-0.12384322264561787,27.559062031591054
Kyle Lowry,200768,0.3791887874283287,0.1395448690425075,0.18397997496871088,0.11929142686299425,0.13881284636442545,0.24116921737869007,-0.12944698837618882,27.52467616142875
Shake Milton,1629003,0.458583923999407,0.13524307946563835,0.15596146126053792,0.17089017285608113,0.13492386439080806,0.16122653141939838,-0.14631115128234098,27.472778971238014
Jeff Green,201145,0.5162121166155993,0.12408759124087591,0.17553191489361702,0.15138863677618444,0.12258796821793416,0.040073982737361284,-0.059880239520958084,27.45953910556194
Jalen Hood-Schifino,1641720,0.3791887874283287,0.22919708029197083,0.22340425531914893,0.23786531130876748,0.10011350737797957,0.1898890258939581,-0.2934131736526946,27.36311839665667
Svi Mykhailiuk,1629004,0.23995540454448921,0.1322992700729927,0.39793882978723405,0.25730622617534943,0.16313138479001135,0.156442663378545,-0.281624251497006,27.34270940856533
GG Jackson,1641713,0.3148320237842428,0.15299270072992704,0.2680851063829787,0.23908513341804322,0.2316912599318956,0.08976572133168928,-0.2347305389221557,27.247034376138433
Jarred Vanderbilt,1629020,0.49057549373540027,0.06715328467153285,0.06702127659574468,0.12401524777636595,0.35516458569807036,0.10933004521167283,-0.15369261477045906,27.191753864427433
Kessler Edwards,1630556,0.49985771926098954,0.09452554744525547,0.12287234042553193,0.12808132147395174,0.20559023836549375,0.0906288532675709,-0.08383233532934133,27.144440549557913
Mouhamed Gueye,1631243,0.3887090187366254,0.13419427288040425,0.13747954173486088,0.17359006939693092,0.24478302628132365,0.06639476429858675,-0.0886688162137264,27.11257194499582
Mo Bamba,1628964,0.47201104268422167,0.10355839416058395,0.10472074468085106,0.1315120711562897,0.32402809307604996,0.04855117139334156,-0.1309880239520958,27.03331452191673
Moses Brown,1629650,0.6838361892938236,0.10892756878158341,0.0,0.17828169289414525,0.24203265519951103,0.01327895285971735,-0.1773376324274528,26.921062529812524
Drew Eubanks,1629234,0.5772095986409004,0.10856005308560053,0.01218568665377176,0.14305186554233568,0.2743370137240739,0.07846653962560252,-0.1448013064779532,26.92080651994548
Dalano Banton,1630625,0.3446974576064668,0.15531889434007418,0.22706662016044646,0.22896660903618224,0.13598556037289963,0.18677609104323747,-0.23019534701089628,26.910706426156622
Gui Santos,1630611,0.47819919303461456,0.10043795620437958,0.1474468085106383,0.13296060991105466,0.22454029511918275,0.12256473489519112,-0.15928143712574852,26.86585443124355
Jarace Walker,1641716,0.461090777359999,0.10090167453842853,0.2036921151439299,0.1766948202406757,0.19980636976697602,0.1218539203597592,-0.21882705177879536,26.823368317138595
Jabari Walker,1631133,0.5098275170477337,0.10705596107055962,0.09929078014184396,0.14118311449950588,0.24101399924328415,0.049550166689500845,-0.10479041916167665,26.76995047333202
Tidjane Salaün,1642275,0.28811789547915073,0.14515906899876052,0.20654355680449618,0.16973939728129273,0.3224680358940312,0.09771304934508993,-0.18980906112303694,26.687849763025973
Talen Horton-Tucker,1629659,0.44345034875933154,0.13419427288040425,0.1675531914893617,0.1835597693285114,0.12651706976338076,0.11453096841506212,-0.13703362505757716,26.50410351511424
Aaron Holiday,1628988,0.43223007614598175,0.1193952033368092,0.24335106382978722,0.16227990560900346,0.08938706015891033,0.10789149198520345,-0.12350299401197605,26.459444929295312
Ronald Holland II,1641842,0.4732486727543002,0.16350364963503647,0.10127659574468084,0.2004574332909784,0.19164585698070374,0.08746403616933827,-0.18722554890219562,26.442478779410532
Vince Williams Jr.,1631246,0.3415217852955025,0.12694382735639478,0.2039777983348751,0.20153582674990334,0.24251098060504367,0.17637913472363698,-0.26425410049466286,26.397428714252456
Jamal Shead,1642347,0.3632764008130327,0.11657977059436916,0.2074468085106383,0.20911236159012525,0.10522133938706017,0.342786683107275,-0.31736526946107785,26.3574672534713
Dominick Barlow,1631230,0.528557933817122,0.1036999748301032,0.05392516507703595,0.13565263111773213,0.18000704528552977,0.04464475530422212,-0.02168077637827793,26.299690295731754
DeAndre Jordan,201599,0.6024475451679928,0.03778445684843281,0.0,0.11181702668360864,0.3505374908192562,0.08462077802761055,-0.16437712809674768,26.24896570157708
Bones Hyland,1630538,0.3738077871236393,0.17264360520469693,0.3108233117483811,0.19755814595878685,0.07461876326309036,0.12008792151396558,-0.22780525904712315,26.22084170152129
Charles Bassey,1629646,0.5736735127263901,0.09217935349322211,0.0,0.13679433654020695,0.31055618615209984,0.04192355117139334,-0.1377245508982036,26.109672178303867
Isaiah Collier,1642268,0.351888124117772,0.14534134821811936,0.12812891113892363,0.25158831003811943,0.23345796888562462,0.5318415899035324,-0.6256604438182459,26.088716207840505
Quenton Jackson,1631245,0.48867144747374097,0.12408759124087591,0.10310965630114567,0.15013195191085918,0.10176373002706715,0.1593474343166082,-0.11285122063565177,26.0290439715345
AJ Johnson,1642358,0.36793760497306893,0.15992037159920372,0.16247582205029013,0.19544876978167958,0.14301929625425652,0.20401300302656655,-0.2191072400653239,26.014853241102436
Monté Morris,1628420,0.41372730101191685,0.15005941266338485,0.1454725383473528,0.15460536036169145,0.1031069345088826,0.13850256645542397,-0.09260548670101658,25.993321897583076
Adem Bona,1641737,0.6243347436169692,0.12914093206064012,0.0,0.13957579904212686,0.26678599493582467,0.03817698947168738,-0.1853984339014279,25.986839368757238
Jaden Hardy,1630702,0.39786999603328826,0.12780608731579673,0.2950622240064231,0.25719834096521305,0.10658985286873834,0.11237000674685341,-0.2886679471246187,25.874243547512343
Jaylen Clark,1641740,0.4847513522291481,0.11635895234006015,0.14455569461827283,0.13992077135809852,0.09885157241103025,0.058388336839051286,-0.03698485382176823,25.81299259621328
Cam Spencer,1642285,0.44401702919434916,0.16475495307612095,0.13829787234042554,0.11326919586131785,0.09194097616345064,0.10275380189066996,-0.0499001996007984,25.79481808338846
David Roddy,1631223,0.4699483259007574,0.1197080291970803,0.13404255319148936,0.14231257941550193,0.1883087400681044,0.09494451294697905,-0.1467065868263473,25.728723478635256
Pat Connaughton,1626192,0.45612254854132106,0.09745511935292958,0.1207590569292697,0.12940004807857414,0.18167316010675827,0.13996734095377747,-0.12461563359766953,25.68261942010899
Oso Ighodaro,1642345,0.5749593621498484,0.07989382879893828,0.0,0.11754649416657041,0.2496336807347023,0.09415984755072301,-0.12574850299401197,25.417855289457965
Steven Adams,203500,0.5344551053109133,0.04167219641672198,0.0,0.11699202957144508,0.3913528015684656,0.10043717072077121,-0.20195971692977682,25.22550737865853
Lindy Waters III,1630322,0.3564568065493345,0.07180098316698942,0.2553191489361702,0.14438710681222935,0.15031619912437164,0.08455169984146556,-0.0855431993156544,25.080232786689084
Kylor Kelley,1630283,0.6112444255680611,0.09124087591240876,0.0,0.0914866581956798,0.1877128263337117,0.02157829839704069,-0.026197604790419163,25.074503107818142
Jock Landale,1629111,0.5094656369102837,0.09988474836726854,0.04703247480403135,0.13161238547448673,0.21641077722683552,0.06814199493802324,-0.09927513394264104,24.977173442493317
John Konchar,1629723,0.4675909352910839,0.07716371220020855,0.11170212765957446,0.07406062806316936,0.23496027241770714,0.07809288943690917,-0.07485029940119761,24.860339269809614
Duop Reath,1641871,0.4326319040908125,0.11214333112143332,0.17263056092843326,0.1330715028300797,0.14301929625425652,0.04904158726600157,-0.07621121393576484,24.798919910380988
Caleb Houstan,1631216,0.4328972621675875,0.08814212918330809,0.24026495383380167,0.11737910862841937,0.07690660270276059,0.0423423213828723,-0.035589198960569425,24.6966836250776
Julian Phillips,1641763,0.44700413373400394,0.12678732126787323,0.1377149519090644,0.13493237715618528,0.14791721735885435,0.04020066550681553,-0.07464523008776966,24.63427764928147
Paul Reed,1630194,0.5184221703121682,0.12408759124087591,0.04468085106382979,0.12426937738246507,0.18234960272417705,0.07768187422934648,-0.11526946107784432,24.53959551153992
Antonio Reeves,1641810,0.46615738694736353,0.09035312684947723,0.21132834962622196,0.15577458017102236,0.08310580728287878,0.06298530342919985,-0.11895128661595727,24.399250882165916
Keaton Wallace,1630811,0.3968692170008797,0.11001042752867571,0.2074468085106383,0.16445815937556726,0.09704880817253121,0.19112207151664612,-0.21706586826347307,24.37708712669498
Jalen Pickett,1629618,0.44826581459550485,0.06450517738923783,0.15586343394359228,0.1085074318134807,0.0898028139270913,0.1706191036045078,-0.08773151371675254,24.375615034170405
Damion Baugh,1641878,0.1654163207783932,0.16589250165892502,0.20309477756286265,0.25228139078202616,0.221029821483851,0.3374061203900908,-0.4001088731627654,24.25191383487777
Jevon Carter,1628975,0.4255999150562752,0.08302919708029197,0.20944148936170212,0.1238881829733164,0.0692749716231555,0.09170776818742293,-0.05894461077844312,24.22586206884601
KJ Simpson,1642354,0.18287505217448605,0.19884218474704257,0.19258987527512839,0.22713928931341193,0.20713139457513013,0.2470343126833624,-0.31798472021474294,24.062400482612965
Wendell Moore Jr.,1631111,0.47294864122215996,0.11413404114134042,0.07446808510638298,0.1229063185861153,0.19285935403983076,0.09677539887157642,-0.13972055888223553,23.9788387320243
Jaylen Nowell,1629669,0.17807390104056053,0.10766423357664234,0.22340425531914893,0.2554002541296061,0.17877412031782067,0.19420468557336623,-0.2095808383233533,23.813808015625703
Marcus Garrett,1630585,0.34824803567636436,0.12408759124087591,0.1675531914893617,0.21346886912325289,0.10726447219069239,0.280517879161529,-0.3143712574850299,23.78373525026239
Cory Joseph,202709,0.42761779017053375,0.08695652173913045,0.16512488436632747,0.10341970056902934,0.1010462419187682,0.11633517396665416,-0.07745378807602186,23.68821070230919
Pelle Larsson,1641796,0.45684400751169013,0.09961356805495922,0.11827284105131414,0.1297555871141341,0.11076984709888496,0.08969802470926719,-0.08218856404837384,23.680993908281234
Landry Shamet,1629013,0.46265686192199984,0.061449668986589726,0.21301335972290944,0.1475133713542744,0.07816170841802392,0.046167522151807985,-0.08773151371675254,23.641618216805828
Baylor Scheierman,1631248,0.418792949670843,0.07941605839416059,0.1697872340425532,0.0914866581956798,0.12013620885357548,0.08286066584463625,-0.04191616766467066,23.624491412971324
Branden Carlson,1642382,0.4601107535488508,0.08366086468276249,0.1632569558101473,0.09852409344150133,0.11276521435431765,0.033197382149293374,-0.03224320589590051,23.59134628989262
Colin Castleton,1630658,0.4472584412826502,0.17664233576642335,0.022340425531914895,0.12655654383735707,0.29676503972758234,0.07768187422934648,-0.23053892215568864,23.52548663469735
Jaylen Martin,1641798,0.44991050571853286,0.10531803962460898,0.09574468085106383,0.1372299872935197,0.19409761634506242,0.08014796547472257,-0.14970059880239522,23.42392395124468
Dalen Terry,1631207,0.4683709542428141,0.11056247316444826,0.11170212765957446,0.1358845952612303,0.11778059691527007,0.1129687386668601,-0.1448573441352589,23.41529975404194
Kobe Bufkin,1641723,0.3668124867275429,0.1635036496350365,0.08936170212765958,0.1616264294790343,0.15017026106696935,0.1467324290998767,-0.16766467065868265,23.367313545981165
Terrence Shannon Jr.,1630545,0.48698237417710766,0.11349187661878975,0.07927247769389156,0.13575439603229905,0.1061110907692871,0.08909749015552285,-0.10141008305968709,23.335422940574578
Ousmane Dieng,1631172,0.44608771013527854,0.0797001380942987,0.13887291546866015,0.11703698616023903,0.15654814860263214,0.07231645949278502,-0.10195824567082053,23.317574013730326
Dwight Powell,203939,0.5648332979401146,0.09255474452554747,0.004468085106382979,0.06587039390088946,0.16018161180476734,0.0932182490752158,-0.07544910179640718,23.242462516338602
Tony Bradley,1628396,0.6638437035464004,0.032116788321167884,0.022340425531914895,0.10673443456162644,0.1358683314415437,0.025893958076448828,-0.08383233532934133,23.17286491811309
Jae'Sean Tate,1630256,0.4745894386635521,0.10492700729927008,0.05585106382978723,0.10800508259212198,0.1653660612939841,0.0809186189889026,-0.08732534930139721,23.156610369256704
Isaiah Wong,1631209,0.36062433637715,0.1635036496350365,0.1452127659574468,0.1829733163913596,0.11441543700340523,0.12083847102342786,-0.18862275449101798,23.069697200905516
Marcus Bagley,1630542,0.3544361860267572,0.11094890510948904,0.0,0.12808132147395174,0.371850170261067,0.017262638717632554,-0.08383233532934133,23.064607298891364
Olivier-Maxence Prosper,1641765,0.42202982831566394,0.11398090960134756,0.051554828150572836,0.11787704036751051,0.17327337815419538,0.06639476429858675,-0.056425610317825885,22.8063919295288
Reggie Jackson,202704,0.38717349755786795,0.07958558982811398,0.18016472203157172,0.1337869410173382,0.09688403939804474,0.12529334553120403,-0.11493142746764534,22.78769815969561
Cole Swider,1631306,0.2966801160897571,0.03649635036496351,0.26063829787234044,0.14739517153748413,0.1311010215664018,0.014385532264693792,-0.0,22.755357087522782
Devin Carter,1642269,0.4121922559637573,0.09343065693430659,0.10425531914893617,0.11689961880559087,0.15017026106696935,0.09782161939991779,-0.09081836327345309,22.684908829171
Andre Jackson Jr.,1641748,0.4770014865151837,0.06263244643277609,0.1044955387783116,0.105750707054146,0.20184174874592656,0.10858756612704348,-0.17915781340544717,22.61306023574658
Vasilije Micić,203995,0.24614355489488204,0.14708029197080294,0.25132978723404253,0.2050825921219822,0.1591089670828604,0.2740443896424168,-0.4034431137724551,22.56673297148972
Marvin Bagley III,1628963,0.5073719018293238,0.10062565172054223,0.023936170212765957,0.12089308404429117,0.18388195232690127,0.02466091245376079,-0.08233532934131736,22.558722860886533
Taylor Hendricks,1641707,0.09040843774332821,0.14598540145985403,0.22340425531914893,0.14231257941550193,0.35754824063564133,0.05754212905877517,-0.13972055888223553,22.51884607626334
Kevin Knox II,1628995,0.502951794436186,0.08467153284671533,0.06702127659574468,0.1036848792884371,0.10011350737797957,0.03452527743526511,-0.02095808383233533,22.37846135046182
Dariq Whitehead,1641727,0.41454964657343074,0.049009384775808136,0.2872340425531915,0.13287347976039207,0.07661748013620885,0.03082614056720099,-0.11976047904191617,22.361511177308177
Maxi Kleber,1628467,0.42286984872521943,0.1009016745384285,0.08541927409261577,0.09238358621720608,0.19980636976697602,0.1091608036556176,-0.1417752729834449,22.295212903225906
Craig Porter Jr.,1641854,0.5271662958072886,0.08410028562361156,0.07770582793709528,0.0914866581956798,0.0823915511029956,0.11445880019299844,-0.11390262952356157,22.157671798022545
Isaac Jones,1642403,0.5984261141279617,0.0959332638164755,0.01276595744680851,0.11065529134144128,0.1021566401816118,0.027127003699136867,-0.08383233532934133,22.153184505653616
Colby Jones,1641732,0.5067021885879393,0.08626410086264101,0.08800773694390715,0.0961071964883909,0.1040140336394593,0.06800433434218885,-0.08891308292505898,22.075029480212077
Jericho Sims,1630579,0.547319664872965,0.06583115273378322,0.0,0.056388003164632834,0.26580001284989185,0.05374217713979945,-0.1304937295220879,22.033988408034286
Doug McDermott,203926,0.45735489711750177,0.06185170956588553,0.22340425531914893,0.10352437637932188,0.03387299121811339,0.009085599325069764,-0.03309171131421368,21.96764516412613
Zeke Nnaji,1630192,0.5075356095105511,0.07785888077858881,0.06619385342789598,0.09882818014965411,0.11388573590616723,0.03516463442480705,-0.04657351962741184,21.887865263332877
Bruno Fernando,1628981,0.5247923250846314,0.08930871618720482,0.0,0.10404365049704761,0.21452894438138478,0.09139044026981939,-0.17259598450158506,21.851288130043063
Maxwell Lewis,1641721,0.4437607910846021,0.06981910504601714,0.14569842738205366,0.10341970056902934,0.11192814489463555,0.04878571811504852,-0.0728976828950794,21.826808439424887
Christian Koloko,1631132,0.553913032615892,0.08158007728638901,0.0,0.0753419538082069,0.17246444548307405,0.04061797345325306,-0.07396970764353646,21.812272125475353
Jaylon Tyson,1642281,0.4675909352910839,0.0959332638164755,0.07446808510638298,0.0900344890179706,0.1362088535754824,0.07809288943690917,-0.09481037924151697,21.749920147163635
Malachi Flynn,1630201,0.410129539180293,0.18978102189781024,0.05585106382978723,0.12198221092757307,0.12514188422247446,0.15104808877928483,-0.2095808383233533,21.668692247274787
Drew Peterson,1641809,0.48438734338500744,0.09124087591240876,0.10053191489361703,0.0625158831003812,0.10726447219069239,0.056103575832305796,-0.06287425149700598,21.5356765165944
Chris Duarte,1630537,0.4883914406705558,0.08930871618720482,0.0788485607008761,0.06457881754989163,0.08412899779662149,0.045695220134909696,-0.012328284607256075,21.52165561489439
Luka Garza,1630568,0.496261902165491,0.10455711185638193,0.06037952846463485,0.11126755726501598,0.10050004601650459,0.025660679174859202,-0.062307816798834764,21.462516081385537
JT Thor,1630550,0.4781991930346145,0.11094890510948904,0.05957446808510638,0.11181702668360864,0.12871736662883088,0.028771064529387585,-0.08383233532934133,21.40802517973768
Mason Jones,1630222,0.502951794436186,0.0978102189781022,0.022340425531914895,0.07013977128335451,0.06435868331441544,0.09494451294697905,-0.02095808383233533,21.341086489526084
Patty Mills,201988,0.39294023265142397,0.11678832116788321,0.19858156028368792,0.11633488634759284,0.05561861520998865,0.0799196236927433,-0.13195830561100022,21.25479725600975
Cam Reddish,1629629,0.43544469970462746,0.08228268082282682,0.08800773694390715,0.09703130414693312,0.14301929625425652,0.05754212905877517,-0.07621121393576484,21.226354852610235
Lamar Stevens,1630205,0.43075670701493596,0.11313868613138688,0.09308510638297872,0.10165184243964423,0.1728149829738933,0.03596383066173449,-0.1222554890219561,21.176030427644378
Dario Šarić,203967,0.3544361860267572,0.09343065693430659,0.10425531914893617,0.10571791613723,0.23359818388195233,0.12659268392930537,-0.19560878243512975,21.105880340595878
Taj Gibson,201959,0.502951794436186,0.08382387567694845,0.007206588881262869,0.08853547567323852,0.23298304712386952,0.04733304164512151,-0.1419741162835619,21.06578290553393
Malaki Branham,1631103,0.45875072050480836,0.11783107403545359,0.13829787234042554,0.12343438010528227,0.06980703745743473,0.06576243321002877,-0.15469061876247506,21.02300748278055
Jordan Miller,1641757,0.44107029093225736,0.13181623014169172,0.052565707133917394,0.13274534718588832,0.12198704680510115,0.08631319358816276,-0.1479394152870729,21.006724304007733
Elijah Harkless,1641989,0.34205988532597154,0.05839416058394161,0.15638297872340423,0.09758576874205846,0.15017026106696935,0.06905055487053022,-0.06287425149700598,20.806833529987685
Yuri Collins,1641879,0.44107029093225736,0.05839416058394161,0.0,0.030495552731893267,0.10726447219069239,0.17262638717632553,-0.0,20.783262145907578
Jett Howard,1641724,0.3553046983566369,0.08144448713023436,0.19988801791713326,0.12519226910987763,0.08405520043013323,0.06208492872131006,-0.09927513394264104,20.753585473255225
Kris Murray,1631200,0.4381235526701655,0.0375391032325339,0.08156028368794326,0.11520542143159679,0.1713961407491487,0.07124263597753117,-0.11310711909514304,20.58075881257526
Jamal Cain,1631288,0.4204431230976145,0.09343065693430656,0.10425531914893617,0.09453621346886913,0.13348467650397275,0.04603370324702014,-0.09081836327345309,20.56549725161364
Delon Wright,1626153,0.3791887874283287,0.07299270072992702,0.10549645390070922,0.08725116476069462,0.11918274687854712,0.15344567749006713,-0.11643379906852962,20.559297129879397
Jackson Rowe,1642050,0.4286939902314716,0.05839416058394161,0.08936170212765958,0.09758576874205846,0.11441543700340523,0.051787916152897656,-0.04191616766467066,20.487416787514725
Rob Dillingham,1642265,0.4383797907799127,0.061250396699460495,0.12141535615171137,0.14518534887575274,0.07617332083107141,0.1820082560446041,-0.2323613642280656,20.326465638251314
Jordan McLaughlin,1629162,0.481293268209811,0.09452554744525549,0.08936170212765958,0.0625158831003812,0.04469353007945517,0.08631319358816276,-0.06811377245508983,20.288952562228584
Josh Minott,1631169,0.49431716604028897,0.09200475301307079,0.06754082137555666,0.07943027688307085,0.07649869334529999,0.03412382072090155,-0.053613702826904336,20.28157382440926
Jae Crowder,203109,0.39465916330431083,0.12408759124087591,0.08377659574468085,0.07623888182973317,0.16089670828603858,0.053945745992601726,-0.10479041916167665,20.243398429221156
Nae'Qwan Tomlin,1641772,0.502951794436186,0.1021897810218978,0.0,0.10165184243964423,0.14301929625425652,0.0,-0.06986027944111776,20.015976570766192
Hunter Tyson,1641816,0.44364868691158765,0.08850364963503651,0.09308510638297872,0.07242693773824652,0.10726447219069239,0.03416563912864776,-0.06112774451097805,19.965017733538556
Patrick Baldwin Jr.,1631116,0.5085773856638158,0.05839416058394161,0.11170212765957446,0.06514958992722653,0.07150964812712826,0.007846653962560252,-0.04763200870985302,19.902933876311135
Anthony Gill,1630264,0.5161180717774474,0.09753067246466843,0.03802625622453599,0.07072372867609289,0.07150964812712826,0.025710312983708055,-0.044591667728373044,19.8895753563818
Dillon Jones,1641794,0.4186876194521129,0.06957602112129214,0.061792666364870984,0.07267025331855417,0.14606226000434708,0.08998609544297821,-0.08472416868390878,19.864521126451535
Trevelin Queen,1630243,0.33224419856327936,0.11729171910395171,0.1309611151870873,0.13249791876615696,0.11589494696465615,0.10119477868957012,-0.15899236010737147,19.78859872402429
Gary Harris,203914,0.3964580442201227,0.06450517738923783,0.14027709054923304,0.08084867468455424,0.09811788929071087,0.05419665643907894,-0.0633616487954324,19.78730444824003
Reed Sheppard,1642263,0.32806928453377887,0.08695652173913045,0.16026827012025902,0.1193304237334954,0.1010462419187682,0.1069533050983756,-0.13212705024733143,19.77332097622428
Jaden Springer,1630531,0.46281244081201606,0.10455711185638193,0.06037952846463485,0.06840894261478761,0.07537503451237842,0.05831972539740727,-0.062307816798834764,19.697562812724474
Damion Lee,1627814,0.38537693777872156,0.18321167883211678,0.07819148936170212,0.10520965692503179,0.053632236095346196,0.04315659679408138,-0.08383233532934133,19.630872019640073
Blake Wesley,1631104,0.4616974587669002,0.08930871618720482,0.061326658322903634,0.10344569848269677,0.06730319823729719,0.16077947825246006,-0.18081484090642247,19.582114923211165
E.J. Liddell,1630604,0.502951794436186,0.09124087591240876,0.08377659574468085,0.05717916137229988,0.04469353007945517,0.03236744759556104,-0.05239520958083833,19.499167461535578
Cody Williams,1642262,0.27770312168188577,0.10569343065693429,0.15638297872340423,0.14027954256670902,0.16161180476730985,0.10184956843403206,-0.18443113772455091,19.480564647268206
Trey Jemison III,1641998,0.5254541593467055,0.030524220305242204,0.0,0.08132147395171538,0.19936023114229698,0.03661771849194784,-0.11431682090364724,19.477271387914545
Alex Len,203458,0.505702083480805,0.055474452554744536,0.009929078014184398,0.047437526471833975,0.14778660612939842,0.07096862583915604,-0.07917498336660013,19.455776171878476
PJ Hall,1641790,0.529007164332577,0.07222435651171727,0.023516237402015677,0.05296596000802515,0.08280064519983273,0.01817119865013953,-0.02206114087614245,19.417308048774366
Tyler Kolek,1642278,0.43631017527810895,0.0819764177428411,0.07446808510638298,0.05864529371517936,0.04400593730900201,0.13942900502703215,-0.08060801473975127,19.35578027114558
Kobe Brown,1641738,0.48880745077814514,0.06965589155370178,0.02553191489361702,0.06011980395716102,0.11441543700340523,0.04932182490752158,-0.05389221556886227,19.34893357067468
Trentyn Flowers,1642280,0.44107029093225736,0.12408759124087591,0.0,0.1372299872935197,0.14301929625425652,0.0,-0.10479041916167665,19.00650191898189
Tristan Thompson,202684,0.4866671882509416,0.016903572800614667,0.0,0.047348358188992176,0.19194695023597586,0.052242196119151145,-0.06066813740939175,18.847990908390145
Skal Labissiere,1627746,0.502951794436186,0.05839416058394161,0.05585106382978723,0.03811944091486658,0.053632236095346196,0.02157829839704069,-0.0,18.747567865192032
Tyler Smith,1641890,0.4793778883394513,0.05839416058394161,0.09574468085106383,0.06825195135233256,0.07150964812712826,0.016440608302507192,-0.059880239520958084,18.729904068742137
Adama Sanogo,1641766,0.5338925461881503,0.05839416058394161,0.0,0.060991105463786534,0.10726447219069239,0.02157829839704069,-0.05239520958083833,18.726995806270622
Pete Nance,1631250,0.4286939902314716,0.05839416058394161,0.08936170212765958,0.05184243964421855,0.07150964812712826,0.025893958076448828,-0.0,18.623587107698217
Alex Ducas,1642505,0.47038258206569716,0.05839416058394161,0.10582306830907054,0.046545843643416046,0.07150964812712826,0.013628398987604646,-0.0441222817522849,18.532881518192344
Markieff Morris,202693,0.25542578042047137,0.0959332638164755,0.1276595744680851,0.09802141949537121,0.09704880817253121,0.09247842170160296,-0.04491017964071856,18.519938821106948
Jack McVeigh,1629098,0.44991050571853286,0.05839416058394161,0.1276595744680851,0.060991105463786534,0.04086265607264472,0.012330456226880395,-0.029940119760479042,18.482759452251262
Jahlil Okafor,1626143,0.502951794436186,0.05839416058394161,0.0,0.0,0.07150964812712826,0.08631319358816276,-0.0,18.456081608641327
Pat Spencer,1630311,0.43223007614598186,0.08467153284671534,0.019148936170212766,0.07667453258304593,0.08989784335981839,0.10357583230579531,-0.08982035928143713,18.384471301801117
Johnny Furphy,1642277,0.45794706461514695,0.08526874585268747,0.06092843326885879,0.047822571329559894,0.08451140233206068,0.01961663490640063,-0.04286880783886772,18.303572321023402
Lester Quinones,1631311,0.5442061301054717,0.08029197080291972,0.07446808510638298,0.096569250317662,0.05959137343927356,0.028771064529387585,-0.17465069860279442,18.20146231984259
Johnny Davis,1631098,0.45199055625648005,0.06998711893516532,0.04599499374217772,0.0717542417221018,0.07992254790679042,0.027924856749111483,-0.043148996125396265,18.077718662314275
Miles Norris,1641936,0.502951794436186,0.05839416058394161,0.0,0.0,0.14301929625425652,0.0,-0.0,18.076177135079188
Elfrid Payton,203901,0.2991068417173621,0.05066552168312581,0.0,0.11660064279841544,0.21452894438138478,0.5026474214840067,-0.48080309968298696,18.03462916093331
TyTy Washington Jr.,1631102,0.3601483248117353,0.07860752386299834,0.06873977086743044,0.07272016420682241,0.06600890596350302,0.0995921464478801,-0.04836480884385076,17.898762561304075
Josh Richardson,1626196,0.25542578042047137,0.12408759124087591,0.1675531914893617,0.12198221092757307,0.10726447219069239,0.12946979038224415,-0.2095808383233533,17.8666881082464
Leonard Miller,1631159,0.45794706461514695,0.15394824153948242,0.0,0.049901813561279894,0.07150964812712826,0.0,-0.03810560696788242,17.840998410633834
Jordan Walsh,1641775,0.45452279169398097,0.06410663281497939,0.06313598519888991,0.04773216949339816,0.0886097813749198,0.030021980378491395,-0.05467326217130956,17.79621424084458
MarJon Beauchamp,1630699,0.45794706461514695,0.08228268082282682,0.06769825918762089,0.06561164375649763,0.08451140233206068,0.02615551320853417,-0.09526401741970604,17.68038313069649
Harrison Ingram,1631127,0.4616974587669002,0.05839416058394161,0.0,0.020330368487928845,0.11918274687854712,0.028771064529387585,-0.0,17.66583865426651
Enrique Freeman,1642402,0.49676364408579315,0.07810218978102192,0.011170212765957447,0.05184243964421855,0.06793416572077185,0.03452527743526511,-0.05239520958083833,17.65472450598243
Vlatko Čančar,1628427,0.4466958821598872,0.05839416058394161,0.04061895551257253,0.044357167610026574,0.18852543597151997,0.054926577737921756,-0.15242242787152968,17.47901025992209
Ariel Hukporti,1630574,0.5574075175196431,0.053138686131386864,0.0,0.058551461245235074,0.14587968217934166,0.03797780517879162,-0.17604790419161676,17.371520383584848
Keshad Johnson,1642352,0.5235789622708289,0.014598540145985401,0.018617021276595744,0.04066073697585769,0.10726447219069239,0.02157829839704069,-0.05239520958083833,17.294417568737618
Pacome Dadiet,1642359,0.4301500256080346,0.06612279948475741,0.0788485607008761,0.046640257119366174,0.058890298457635035,0.025386233408283165,-0.03698485382176823,17.16996447589361
Yuki Kawamura,1642530,0.46582289233382884,0.07153284671532847,0.04468085106382979,0.03659466327827192,0.025028376844494892,0.06041923551171393,-0.04191616766467066,16.993129915382436
Rayan Rupert,1641712,0.45452279169398097,0.08695652173913045,0.048566142460684546,0.059002265068228275,0.07150964812712826,0.03377472792580282,-0.09567820879979172,16.90308307024647
PJ Dozier,1628408,0.5167032396592812,0.0,0.04964539007092198,0.023718763235916988,0.039727582292849034,0.04795177421564598,-0.02328675981370592,16.7954547438688
Cam Christie,1642353,0.4255999150562752,0.05839416058394161,0.05585106382978723,0.04955527318932656,0.06257094211123723,0.053945745992601726,-0.05239520958083833,16.771380253768317
Markelle Fultz,1628365,0.4479460135438049,0.06569343065693431,0.04964539007092198,0.09318085556967387,0.06356413166855845,0.09590354843129197,-0.16300731869594146,16.75608916973563
Bronny James,1642355,0.40609378895177595,0.10409393843224374,0.06799259944495838,0.06894646704601956,0.04041849676750728,0.052538465662359944,-0.09112210361884926,16.654350518572738
Garrett Temple,202066,0.38413930770864296,0.10043795620437958,0.04468085106382979,0.039034307496823385,0.06864926220204313,0.08976572133168928,-0.08383233532934133,16.498150117823542
Sidy Cissoko,1631321,0.502951794436186,0.032116788321167884,0.03351063829787234,0.0335451080050826,0.03933030646992055,0.025893958076448828,-0.03143712574850299,16.319442667615068
JD Davison,1631120,0.48232462660154307,0.09124087591240876,0.05585106382978723,0.050825921219822115,0.04171396140749149,0.03596383066173449,-0.1222554890219561,16.313112171313442
Reece Beekman,1641736,0.38318114249309826,0.0880621615257829,0.04323953328757721,0.06492601549370824,0.05997583391307532,0.10858756612704348,-0.11493142746764534,16.245773158839423
Matt Ryan,1630346,0.4312995272211107,0.07222435651171727,0.07054871220604703,0.04494081455226376,0.0301093255272119,0.013628398987604646,-0.03309171131421368,16.158995999349816
Chris Livingston,1641753,0.4548217361553526,0.08759124087591243,0.0,0.03727234222786955,0.09534619750283768,0.009590354843129196,-0.05821689953426481,16.07547676856637
Isaiah Crawford,1642384,0.4947009273023289,0.05839416058394161,0.014893617021276595,0.0264294790343075,0.038138479001135074,0.005754212905877518,-0.013972055888223553,16.02245295533269
Jazian Gortman,1641789,0.46427585474623057,0.05839416058394161,0.05585106382978723,0.0457433290978399,0.022346765039727583,0.03236744759556104,-0.0654940119760479,15.743900540756975
Ulrich Chomche,1642279,0.485271364863635,0.05839416058394161,0.0,0.02178253766563805,0.08172531214528944,0.02466091245376079,-0.059880239520958084,15.704621648528413
Nate Williams,1631466,0.44991050571853286,0.07716371220020855,0.06382978723404255,0.08495189689598838,0.03575482406356413,0.03082614056720099,-0.1347305389221557,15.595612087302893
Trey Alexander,1641725,0.4381235526701655,0.07090719499478625,0.02127659574468085,0.03339989108731168,0.03064699205448354,0.04110152075626798,-0.029940119760479042,15.539391987039352
Jesse Edwards,1642399,0.502951794436186,0.05839416058394161,0.0,0.0,0.0,0.04315659679408138,-0.0,15.513393350156052
Mac McClung,1630644,0.3791887874283287,0.05839416058394161,0.0,0.0,0.03575482406356413,0.12946979038224415,-0.0,15.469894713918597
Terry Taylor,1630678,0.4616974587669002,0.05839416058394161,0.0,0.0,0.02383654937570942,0.05754212905877517,-0.0,15.435576392483211
Joe Ingles,204060,0.4312995272211107,0.05839416058394161,0.03527435610302351,0.02407543636728416,0.04140032259991636,0.10448439223830229,-0.09927513394264104,15.286288222335537
Jacob Toppin,1631210,0.47201104268422167,0.05839416058394161,0.0,0.011435832274459976,0.04916288308740068,0.02157829839704069,-0.026197604790419163,15.04843133714624
Spencer Jones,1642461,0.45084105464340396,0.07913945447560508,0.011758118701007838,0.0353106400053501,0.04892765398171934,0.013628398987604646,-0.05515285219035613,14.998846593315008
Jalen McDaniels,1629667,0.502951794436186,0.05839416058394161,0.0,0.0,0.0,0.02157829839704069,-0.0,14.959627894814819
Anton Watson,1641817,0.502951794436186,0.05839416058394161,0.0,0.03485206026502088,0.02043132803632236,0.02466091245376079,-0.059880239520958084,14.920767915377327
Riley Minix,1642434,0.3791887874283287,0.05839416058394161,0.0,0.0,0.14301929625425652,0.0,-0.0,14.900038003575395
Jahmir Young,1642443,0.44107029093225736,0.05839416058394161,0.0,0.0,0.03575482406356413,0.04315659679408138,-0.0,14.842902458305558
Emanuel Miller,1641801,0.44107029093225736,0.05839416058394161,0.0,0.0,0.03575482406356413,0.04315659679408138,-0.0,14.842902458305558
Luke Travers,1631247,0.4341945683207097,0.08759124087591243,0.0,0.027107157983905124,0.09534619750283768,0.04795177421564598,-0.11643379906852962,14.775697732862922
David Duke Jr.,1630561,0.410129539180293,0.05839416058394161,0.0,0.03811944091486658,0.053632236095346196,0.06473489519112208,-0.05239520958083833,14.695062368783335
Adam Flagler,1641745,0.3521156296453599,0.05839416058394161,0.06981382978723404,0.041931385006353246,0.04245885357548241,0.02157829839704069,-0.01964820359281437,14.541825360769915
P.J. Tucker,200782,0.502951794436186,0.05839416058394161,0.0,0.0,0.0,0.0,-0.0,14.405862439473582
RayJ Dennis,1642484,0.410129539180293,0.09124087591240876,0.027925531914893616,0.02668360864040661,0.053632236095346196,0.053945745992601726,-0.10479041916167665,14.33968157050919
Xavier Tillman,1630214,0.39156508812911445,0.06715328467153286,0.03723404255319149,0.03252858958068615,0.09772985244040863,0.02013974517057131,-0.09081836327345309,14.256664625576487
Stanley Umude,1630649,0.410129539180293,0.05839416058394161,0.022340425531914895,0.01829733163913596,0.053632236095346196,0.012946979038224414,-0.02095808383233533,14.237426276036613
Justin Minaya,1631303,0.47439110051129585,0.038180797304884904,0.0,0.004691623497214349,0.022002968654501007,0.01327895285971735,-0.0,14.180014249229256
Bobi Klintman,1641752,0.4675909352910839,0.05839416058394161,0.0,0.0,0.04086265607264472,0.012330456226880395,-0.029940119760479042,14.095137370195967
Daniss Jenkins,1642450,0.4616974587669002,0.05839416058394161,0.03723404255319149,0.025412960609911057,0.0,0.0,-0.03493013972055888,14.058449296237075
Malevy Leons,1642502,0.4616974587669002,0.05839416058394161,0.0,0.010165184243964422,0.03575482406356413,0.014385532264693792,-0.03493013972055888,13.99836016993316
Bryce McGowens,1631121,0.44583040658640566,0.09882088714205503,0.0,0.030495552731893267,0.016502226490875755,0.01327895285971735,-0.06448641179180102,13.869392802247479
James Johnson,201949,0.47201104268422167,0.047445255474452566,0.0,0.020330368487928845,0.03575482406356413,0.028771064529387585,-0.06986027944111776,13.715687975946697
Kevin McCullar Jr.,1641755,0.44107029093225736,0.05839416058394161,0.0,0.030495552731893267,0.0,0.0,-0.0,13.600402481473491
Armel Traoré,1642422,0.40669167787451915,0.014598540145985401,0.0,0.047437526471833975,0.11918274687854712,0.009590354843129196,-0.06986027944111776,13.540878587329777
Liam Robbins,1641857,0.46487086920299914,0.05839416058394161,0.0,0.02111230573746457,0.06600890596350302,0.01327895285971735,-0.09672961768770152,13.522786374323076
Emoni Bates,1641734,0.3261474987106755,0.05839416058394161,0.06382978723404255,0.026139045198765656,0.0,0.04932182490752158,-0.0,13.4431471845615
Zyon Pullin,1642389,0.4616974587669002,0.05839416058394161,0.0,0.0,0.0,0.0,-0.0,13.347149395638983
Tazé Moore,1631386,0.13166277341261406,0.05839416058394161,0.11170212765957446,0.0914866581956798,0.28603859250851305,0.04315659679408138,-0.2095808383233533,13.16156563527012
Josh Christopher,1630528,0.44107029093225736,0.05839416058394161,0.0,0.01829733163913596,0.03575482406356413,0.03452527743526511,-0.08383233532934133,12.939566667015399
Tristen Newton,1641803,0.410129539180293,0.07481751824817519,0.0,0.011435832274459976,0.03575482406356413,0.02157829839704069,-0.05239520958083833,12.865432547374182
Isaiah Stevens,1641815,0.44107029093225736,0.05839416058394161,0.0,0.0,0.0,0.0,-0.0,12.817792873721684
Jamaree Bouyea,1631123,0.5648332979401146,0.05839416058394161,0.0,0.030495552731893267,0.0,0.04315659679408138,-0.2095808383233533,12.505584089147884
Cui Yongxi,1642385,0.3791887874283287,0.05839416058394161,0.0,0.01829733163913596,0.028603859250851307,0.0,-0.0,12.433352011741992
Quincy Olivari,1642439,0.31730728392440005,0.05839416058394161,0.11170212765957446,0.0457433290978399,0.0,0.04315659679408138,-0.10479041916167665,12.100474746942822
Jalen Bridges,1641779,0.4534465916330431,0.05839416058394161,0.04468085106382979,0.024396442185514615,0.042905788876276954,0.0,-0.16766467065868265,11.706446094013968
Daishen Nix,1630227,0.4616974587669002,0.05839416058394161,0.0,0.010165184243964422,0.09534619750283768,0.08631319358816276,-0.27944111776447106,11.098639637309097
D.J. Carton,1630618,0.34824803567636436,0.09124087591240876,0.0,0.02287166454891995,0.07150964812712826,0.06473489519112208,-0.2095808383233533,9.983558676236024
Phillip Wheeler,1630762,0.0697812699086854,0.12408759124087591,0.0,0.060991105463786534,0.12514188422247446,0.04315659679408138,-0.05239520958083833,9.514924187450715
